,data_uuid,topic
0,2232-dj5q,0
1,25cx-4jug,0
2,268n-a7em,0
3,26kp-bgdh,0
4,276h-y36a,0
5,27h8-t3wt,0
6,294z-97kb,0
7,29fb-fum8,0
8,29km-avyc,0
9,29wz-ciej,0
10,2a5m-z82r,0
11,2bef-phhy,0
12,2bvn-ky2h,0
13,2c9f-2ta9,0
14,2cav-chmn,0
15,2cmn-uidm,0
16,2cxm-sdq3,0
17,2de2-6x2h,0
18,2dzy-e7cu,0
19,2eq2-trdu,0
20,2ewp-sa7t,0
21,2fpa-bnsx,0
22,2fra-mtpn,0
23,2hr8-czpv,0
24,2hrw-qfsu,0
25,2ic6-4hrf,0
26,2ith-35wn,0
27,2j8u-wtju,0
28,2jg5-6hqv,0
29,2jne-kr3f,0
30,2jnq-tef6,0
31,2jvr-j6ne,0
32,2k3g-r445,0
33,2knz-3yg6,0
34,2mqz-v5im,0
35,2mvk-c2ha,0
36,2n4x-d97d,0
37,2nj7-jxah,0
38,2np7-5jsg,0
39,2pmt-skyq,0
40,2qb3-8eu4,0
41,2qqs-crk2,0
42,2rr4-rfvc,0
43,2s75-2b3b,0
44,2sps-j9st,0
45,2t2c-qih9,0
46,2ubh-v9er,0
47,2upf-qytp,0
48,2vr2-vcvz,0
49,2vv4-3iny,0
50,2wjv-he7c,0
51,2y2t-x83x,0
52,2zbg-i8fx,0
53,2zdm-jpub,0
54,32yu-maz2,0
55,33c5-b922,0
56,33db-aeds,0
57,34hf-h2fw,0
58,34zf-iv73,0
59,355w-xvp2,0
60,35ey-ieq4,0
61,35qr-3ykq,0
62,36qa-cicj,0
63,37fm-7uaa,0
64,37it-gmcp,0
65,388s-pnvc,0
66,38ik-3hib,0
67,38pn-tyf4,0
68,3955-c36a,0
69,395v-hkhg,0
70,39g5-gbp3,0
71,39yy-hdfd,0
72,3aim-ipk8,0
73,3aka-ggej,0
74,3av7-txd8,0
75,3btx-p4av,0
76,3c9q-94ad,0
77,3eg9-btxt,0
78,3f5t-9dqu,0
79,3f5y-5web,0
80,3ftn-akuh,0
81,3gkd-ddzn,0
82,3gx8-vrcy,0
83,3kcn-nsb5,0
84,3khw-qi8f,0
85,3kj6-hxzd,0
86,3miu-myq2,0
87,3mji-gpg5,0
88,3mpc-kqwk,0
89,3nja-bsch,0
90,3nr6-bnks,0
91,3qty-g4aq,0
92,3qz8-muuu,0
93,3r4q-36zy,0
94,3rfa-3xsf,0
95,3t6s-yb67,0
96,3ups-txji,0
97,3vvi-fwjs,0
98,3w89-mz4u,0
99,3wxk-qa8q,0
100,3wyv-kxab,0
101,3xsw-bpuy,0
102,3ydk-du45,0
103,3zh4-7hgk,0
104,3zjh-awfv,0
105,3zy2-a8eg,0
106,423i-ukqr,0
107,43ab-v68i,0
108,43je-8syt,0
109,43nn-pn8j,0
110,43qn-d6r8,0
111,446w-773i,0
112,44f4-mjxy,0
113,45j8-f6um,0
114,46m8-77gv,0
115,47g8-ngxw,0
116,483x-fy9e,0
117,48va-85tp,0
118,49mj-4gmb,0
119,4bew-e6kg,0
120,4bg6-ub7f,0
121,4d7f-74pe,0
122,4dx7-axux,0
123,4e2n-s75z,0
124,4edb-7rb7,0
125,4epu-t832,0
126,4f23-ddz6,0
127,4f2g-zrdv,0
128,4fsz-s7id,0
129,4hbx-ab3c,0
130,4hcv-tc5r,0
131,4hft-v355,0
132,4hiy-398i,0
133,4hxk-b29t,0
134,4i4x-egcq,0
135,4iha-m5jk,0
136,4jus-39vu,0
137,4k4u-823g,0
138,4kkh-qhtc,0
139,4kpn-sezh,0
140,4kse-vfnd,0
141,4mud-hg2j,0
142,4mvr-i7nd,0
143,4p5c-cbgn,0
144,4ptz-hmtc,0
145,4qii-5cz9,0
146,4rix-z2af,0
147,4s7y-vm5x,0
148,4se9-mk53,0
149,4snd-in5m,0
150,4szu-rxzq,0
151,4t62-jm4m,0
152,4tnw-tspg,0
153,4tys-3tzj,0
154,4ubz-8kkx,0
155,4utb-pisg,0
156,4v4n-gnh2,0
157,4vfc-wci4,0
158,4wf2-7kdu,0
159,4wgu-f3yf,0
160,4xfb-z29j,0
161,4xfc-mzbg,0
162,4y63-yw9e,0
163,4yay-s2us,0
164,4ysd-hagc,0
165,4yue-vjfc,0
166,4zdr-zwdi,0
167,52b4-grs5,0
168,53au-zf7x,0
169,53m8-jdtg,0
170,56e3-rp8d,0
171,56t2-bzsy,0
172,56u5-n9sa,0
173,57mv-nv28,0
174,59kj-x8nc,0
175,5a8g-vpdd,0
176,5atx-ibtu,0
177,5c95-uqu5,0
178,5cd6-v74i,0
179,5cdu-g7c4,0
180,5crx-5ivw,0
181,5cxm-c27f,0
182,5dck-9m6g,0
183,5dmv-5d3w,0
184,5e7x-8jy6,0
185,5e7z-xsdf,0
186,5e8d-k9md,0
187,5e9h-x6ak,0
188,5ebm-myj7,0
189,5f9p-h9ar,0
190,5fn4-dr26,0
191,5fzm-kpwv,0
192,5g59-fxev,0
193,5gj9-2kzx,0
194,5hcy-6f3q,0
195,5hjv-bjbv,0
196,5hsa-dfq5,0
197,5ivh-r5ct,0
198,5ize-y7yh,0
199,5jat-czce,0
200,5k4d-a692,0
201,5kqf-fg3n,0
202,5kru-rjmf,0
203,5mdy-gux8,0
204,5mma-5n3h,0
205,5mrk-xb95,0
206,5mw2-hzqx,0
207,5mxw-kxpt,0
208,5npv-j6gn,0
209,5nz7-hh6t,0
210,5ps9-yuef,0
211,5psr-sp96,0
212,5r8r-e7i6,0
213,5rx8-ct65,0
214,5rzh-cyqd,0
215,5rzx-3686,0
216,5sq4-wrrm,0
217,5tub-eh45,0
218,5u2d-n46s,0
219,5uac-w243,0
220,5v6p-rtfu,0
221,5vb5-y6cv,0
222,5vqp-meve,0
223,5x7b-baa2,0
224,5x8i-3c5b,0
225,5yay-3jd5,0
226,5ytq-4m2r,0
227,5ziv-wcy4,0
228,622h-mkfu,0
229,62mr-ukqs,0
230,63bz-5n3b,0
231,63ge-mke6,0
232,63nx-cpi9,0
233,63u4-2zc2,0
234,63us-eqtq,0
235,64gx-bycn,0
236,65js-fhgz,0
237,66qr-66q7,0
238,66u4-mf33,0
239,67up-ztdf,0
240,68k5-hdzw,0
241,68rr-d3jr,0
242,69bm-3bc2,0
243,69n5-r375,0
244,6anw-twe4,0
245,6ayi-8khd,0
246,6bgt-eg8b,0
247,6bqn-qdwq,0
248,6c4k-4mp6,0
249,6ctv-n46c,0
250,6dju-qj67,0
251,6etc-vpfd,0
252,6eti-k994,0
253,6ggx-itps,0
254,6gzn-qtm3,0
255,6i5e-7v2f,0
256,6je4-4x7e,0
257,6khm-nrue,0
258,6kks-jijx,0
259,6m3u-8rbh,0
260,6phq-6kwz,0
261,6pv9-jmn5,0
262,6pwv-zmgh,0
263,6q9w-6svb,0
264,6qs8-44ki,0
265,6r4h-c2y6,0
266,6r8r-c474,0
267,6rf2-gv9k,0
268,6rrm-vxj9,0
269,6thv-9wgt,0
270,6umk-irkx,0
271,6v9u-ndjg,0
272,6wcu-cfa3,0
273,6wp7-y8uw,0
274,6wve-ubwx,0
275,6x2x-mkuy,0
276,6xs6-cz7y,0
277,6y5g-5hkj,0
278,6ynm-g82n,0
279,6ypq-ih9a,0
280,6z8x-wfk4,0
281,6zvj-sek6,0
282,72mk-a8z7,0
283,72r6-mtgs,0
284,72vt-ykjc,0
285,735p-zed8,0
286,73kr-kt5y,0
287,73qb-dcc3,0
288,74ah-8ukf,0
289,752y-qk8b,0
290,756x-9djt,0
291,75e9-fg2t,0
292,76bs-46w6,0
293,76xm-jjuj,0
294,77q4-nkfh,0
295,77zj-y2i9,0
296,79sh-heg3,0
297,7a57-qgkz,0
298,7agf-bcsq,0
299,7ahn-ypff,0
300,7b32-6xny,0
301,7btz-mnc8,0
302,7c8x-xds8,0
303,7c9t-ckpj,0
304,7ceq-6nwu,0
305,7ewi-9cdf,0
306,7f9e-jic4,0
307,7fnf-kyf4,0
308,7fuk-i2af,0
309,7gic-pibm,0
310,7h99-xsqt,0
311,7iqp-pbne,0
312,7iqz-npua,0
313,7jbq-q7je,0
314,7jkp-5w5g,0
315,7jzh-b7rq,0
316,7k2e-ht2j,0
317,7kc8-z939,0
318,7kuu-zah7,0
319,7m8q-jgtg,0
320,7mgd-s57w,0
321,7n5j-865y,0
322,7piy-bhr9,0
323,7ppc-iii7,0
324,7r6i-tdj2,0
325,7ree-jtaa,0
326,7rnv-m532,0
327,7s3q-rztu,0
328,7sqz-26v7,0
329,7t2y-4fke,0
330,7t6i-mkth,0
331,7t9i-jsfp,0
332,7tpn-47kj,0
333,7umd-hdjb,0
334,7vx2-ffkw,0
335,7w9p-j93r,0
336,7wse-xesc,0
337,7xq6-k6zy,0
338,7yay-m4ae,0
339,7yda-ws2j,0
340,7yds-6i8e,0
341,7yhi-h8kc,0
342,7ym2-wayt,0
343,7zf5-7vum,0
344,825b-niea,0
345,82rt-zc4y,0
346,84ax-hg3y,0
347,8586-3zfm,0
348,85ty-ti6v,0
349,86a8-pqby,0
350,87fc-zpp6,0
351,87fx-28ei,0
352,87y3-sqsx,0
353,88da-cha7,0
354,8bug-hj9w,0
355,8c77-xxaj,0
356,8dhd-zvi6,0
357,8dxm-n5ha,0
358,8ecp-kw89,0
359,8ek7-jxw6,0
360,8eq5-dtjb,0
361,8eux-rfe8,0
362,8ev8-jjxq,0
363,8fcu-mcx2,0
364,8fei-z6rz,0
365,8fgk-qysk,0
366,8gg9-r4mt,0
367,8gr8-ngjc,0
368,8hgr-brxd,0
369,8i43-kna8,0
370,8iee-pzu6,0
371,8isn-pgv3,0
372,8jfz-tjny,0
373,8k4a-z83b,0
374,8kic-uvpz,0
375,8kiv-2ukd,0
376,8knn-wq9b,0
377,8m42-w767,0
378,8nqg-ia7v,0
379,8qnk-un3c,0
380,8s5k-n45n,0
381,8sdw-8vja,0
382,8sea-35e7,0
383,8u85-k342,0
384,8ufi-zgz6,0
385,8ujr-b4gc,0
386,8v7s-b663,0
387,8vbp-qzz2,0
388,8vwk-6iz2,0
389,8wau-idzf,0
390,8wbx-tsch,0
391,8ztn-rmii,0
392,8zxg-9a5c,0
393,922w-z7da,0
394,93d2-wh7s,0
395,948r-3ads,0
396,956m-xy24,0
397,95aa-k2ka,0
398,95bz-ea2t,0
399,95ii-vcsx,0
400,95u9-kyyu,0
401,96te-xmyw,0
402,97iw-vtbx,0
403,97nd-ff3i,0
404,97zg-4p9t,0
405,98b7-th5j,0
406,98ef-fxnm,0
407,9add-idv3,0
408,9ay9-xkek,0
409,9b3x-yz6y,0
410,9b9u-8989,0
411,9bmk-bbj5,0
412,9byw-znpj,0
413,9c56-46pu,0
414,9caw-yxsv,0
415,9ck6-2jew,0
416,9ck8-hj3u,0
417,9ct9-prf9,0
418,9cw8-7heb,0
419,9cz6-8qpz,0
420,9d6u-jzxb,0
421,9dtd-h5vj,0
422,9e4i-rd56,0
423,9eun-chvy,0
424,9ev8-8rz6,0
425,9f5n-qdib,0
426,9fxq-tpip,0
427,9hxz-c2kj,0
428,9hzi-kbqb,0
429,9ibi-dfnm,0
430,9igb-ny64,0
431,9mjx-v8ip,0
432,9n2i-9h9s,0
433,9n6h-pt9g,0
434,9nt8-h7nd,0
435,9nyh-gsuu,0
436,9p99-55bh,0
437,9qvi-kbpt,0
438,9rim-7u4b,0
439,9rxf-re6u,0
440,9s68-zggy,0
441,9sfa-4geq,0
442,9ss3-avyg,0
443,9sys-2i9y,0
444,9tg9-e2ph,0
445,9tnu-6rdi,0
446,9txq-dagp,0
447,9umc-3b2y,0
448,9vaq-mvvx,0
449,9wej-2kjy,0
450,9wgm-cdbe,0
451,9wui-eigp,0
452,9wwd-tgzc,0
453,9wzr-uhik,0
454,9y7k-h295,0
455,9yid-w4y8,0
456,a2ei-5yi4,0
457,a2nf-cvfm,0
458,a2pm-dj2w,0
459,a35y-93e7,0
460,a3nt-yts4,0
461,a444-au9b,0
462,a4qt-mpr5,0
463,a5qt-5jpu,0
464,a5rk-jemi,0
465,a6kg-wufg,0
466,a6nj-cfbz,0
467,a7bv-5698,0
468,a9md-ynri,0
469,a9we-mtpn,0
470,aa5u-mys6,0
471,aabe-yfm9,0
472,aagv-t6fa,0
473,aajk-7hbr,0
474,abgn-8q46,0
475,abnr-s7g4,0
476,acd4-wkax,0
477,acdt-2zt9,0
478,acek-a5z6,0
479,ad4c-mphb,0
480,adqm-qibj,0
481,adw8-wvxb,0
482,aejp-3ws7,0
483,af3x-y3y3,0
484,aht6-vxai,0
485,aiww-p3af,0
486,ajgi-hpq9,0
487,ajyu-7sgg,0
488,ak2e-nbe8,0
489,akzx-fghb,0
490,am74-3pnv,0
491,am94-epxh,0
492,ap68-7a8h,0
493,aq7p-fpw6,0
494,aqs7-v55z,0
495,aqu8-c9ea,0
496,aqy4-qgvz,0
497,arhf-esqb,0
498,arq3-7z49,0
499,as69-ew8f,0
500,as9z-kwsh,0
501,asdj-rj9b,0
502,at6p-rk97,0
503,at9c-pdf7,0
504,atne-2dki,0
505,au2v-djg4,0
506,augs-s4dd,0
507,aumr-wgtk,0
508,auuc-fqzi,0
509,avcv-kcyf,0
510,avh4-h5hx,0
511,avz8-mqzz,0
512,axb2-9jkb,0
513,ay6v-3gm3,0
514,ayeb-p4mv,0
515,ayer-cga7,0
516,ayph-gj7e,0
517,az65-9z36,0
518,azp6-hepu,0
519,b2m2-7ih3,0
520,b37a-3faw,0
521,b37b-brfu,0
522,b57i-ri22,0
523,b7t4-zm44,0
524,b8z5-673p,0
525,b8z8-mpdb,0
526,b9a3-rexv,0
527,b9e9-2we4,0
528,b9km-gdpy,0
529,b9yk-4pzk,0
530,ba8s-jw6u,0
531,basd-2jwn,0
532,bawj-6bgn,0
533,bbs3-q5us,0
534,bc8t-ecyu,0
535,bcsx-ch6m,0
536,bha8-nbrn,0
537,bhau-5xgs,0
538,bhs9-p657,0
539,bi53-yph3,0
540,bia8-jpx6,0
541,biws-g3hs,0
542,bj6m-ydtj,0
543,bjfz-j45a,0
544,bjmk-35w5,0
545,bjuu-44hx,0
546,bjx5-4p7w,0
547,bjzv-ubve,0
548,bkfu-528j,0
549,bkwf-xfky,0
550,bm4k-52h4,0
551,bm9v-cvch,0
552,bmxv-h8uk,0
553,bnea-fu3k,0
554,bqiq-cu78,0
555,bquu-z2ht,0
556,br7w-st33,0
557,bray-s6dc,0
558,brga-xeqy,0
559,brud-mdtt,0
560,bs8b-p36w,0
561,bsuh-ywiw,0
562,bty7-2jhb,0
563,budf-qanm,0
564,buk3-3qpr,0
565,buv4-at34,0
566,bvd8-5483,0
567,bvju-796s,0
568,bw8v-wzdr,0
569,bwhw-9jek,0
570,bxv9-8f4e,0
571,by8q-dp62,0
572,by9k-vhck,0
573,bymk-vktx,0
574,byvd-5eau,0
575,bzri-pz9j,0
576,c38p-gtif,0
577,c3uy-2p5r,0
578,c3v8-5x25,0
579,c49b-3kmd,0
580,c4dx-tk4d,0
581,c4p6-rvjs,0
582,c4vk-jvzy,0
583,c5bg-9tzm,0
584,c5d8-ajrd,0
585,c5sh-m8tb,0
586,c5up-ki6j,0
587,c5vm-g2dk,0
588,c72z-kzbi,0
589,c87b-2j3i,0
590,ca93-s2tg,0
591,caav-grv8,0
592,cah7-vgge,0
593,cbfr-z7aj,0
594,cbpp-ghp8,0
595,cbrh-qrk4,0
596,ce34-mm33,0
597,ce3f-jkdg,0
598,cfu2-mhpz,0
599,cfzn-4iza,0
600,cgcg-w2ys,0
601,cgd2-a96k,0
602,cgz5-877h,0
603,chv4-k4fa,0
604,chzg-3b9u,0
605,ci36-d7ea,0
606,ci93-uc8s,0
607,cirn-n726,0
608,cj2p-e3ej,0
609,ck4n-5h6x,0
610,ckue-grzy,0
611,ckva-rq3b,0
612,cm6g-t7ye,0
613,cpcm-i88g,0
614,cpf4-rkhq,0
615,cpqg-u87g,0
616,cqhz-kkvd,0
617,cr93-x2xf,0
618,crbs-vur7,0
619,crc3-tcnm,0
620,cse5-enmd,0
621,csps-2ne9,0
622,csut-3wpr,0
623,ctq9-j8y9,0
624,curu-ytnp,0
625,cusf-jxh5,0
626,cwg5-cqkm,0
627,cwiz-gcty,0
628,cwmx-mvra,0
629,cwx7-agsh,0
630,cwy2-px8b,0
631,cxcv-mgtn,0
632,cyfw-hfqk,0
633,cz36-mpdq,0
634,d2bw-3fid,0
635,d334-62hi,0
636,d33y-i2m7,0
637,d3c5-ddgc,0
638,d3ge-anaz,0
639,d4cb-8mwj,0
640,d4mz-3bq9,0
641,d54t-ywim,0
642,d6ee-k2sh,0
643,d7da-9deh,0
644,d7pv-3qwq,0
645,d9fr-a56v,0
646,d9iv-gp5y,0
647,da9u-wz3r,0
648,dapf-z62e,0
649,datr-f3ru,0
650,davn-rbxj,0
651,dazy-4wwv,0
652,dbpt-pbmd,0
653,dcpj-gxjy,0
654,dd6w-hnq9,0
655,ddcy-y5zn,0
656,ddpx-u5dz,0
657,de3m-c5p4,0
658,deah-gjrv,0
659,deqx-mzd7,0
660,dfr8-nudu,0
661,dfwh-7sqg,0
662,dg7a-jiz2,0
663,dg92-zbpx,0
664,dgg9-jkx8,0
665,dggd-3jfu,0
666,dhsk-pig8,0
667,dint-nfj5,0
668,dj4e-3xrn,0
669,dja4-zgtf,0
670,dji6-v57p,0
671,djyq-adqm,0
672,dm9a-ab7w,0
673,dp2s-vccd,0
674,dpc8-z3jc,0
675,dpec-ucu7,0
676,dpfn-5ihn,0
677,dq7m-xn5i,0
678,dqsy-6vth,0
679,drss-6xix,0
680,dsg6-ifza,0
681,dsif-42wj,0
682,dsmz-77k9,0
683,dt2z-amuf,0
684,dte3-kvx7,0
685,dtfq-bfpc,0
686,dufe-vxb7,0
687,dv8j-yjt9,0
688,dvaj-b7yx,0
689,dve9-92na,0
690,dw8c-pxy2,0
691,dxnu-p2qd,0
692,dy27-rrad,0
693,dy3p-ay2d,0
694,dy62-2n2g,0
695,dy9m-dvf2,0
696,dyta-z6sk,0
697,dze7-citg,0
698,dzgh-ja44,0
699,dzrn-z4d7,0
700,e25p-jzfy,0
701,e27m-uhjk,0
702,e2ey-aicw,0
703,e2gu-mjqa,0
704,e2sz-2mmc,0
705,e33f-d2gn,0
706,e3uq-vht9,0
707,e4p3-6ecr,0
708,e555-uc5w,0
709,e635-qjv5,0
710,e649-r223,0
711,e64w-ctmw,0
712,e76w-s8gb,0
713,e98g-f8hy,0
714,e9ah-8qv4,0
715,eabe-havv,0
716,eak9-f97n,0
717,eamj-ryxu,0
718,easq-ubfe,0
719,ebkm-iyma,0
720,ec4f-sy8r,0
721,eccv-9dzr,0
722,ecvp-uumu,0
723,edai-t99u,0
724,eevf-vb98,0
725,efdc-dxuz,0
726,efiz-8kvg,0
727,egch-abu9,0
728,egnf-uyp9,0
729,egyb-4bz2,0
730,ehji-3xy2,0
731,eidg-3v2p,0
732,eifs-wzhm,0
733,eivx-q94q,0
734,ej3f-9dad,0
735,ej9h-v6g2,0
736,ejxk-d93y,0
737,ek5y-zcyf,0
738,eku7-63g8,0
739,emcq-k42b,0
740,emex-8upu,0
741,emuv-tx7t,0
742,en2c-j6tw,0
743,en96-iuwi,0
744,enfh-gkve,0
745,engv-gkbr,0
746,ens7-ac7e,0
747,erm2-nwe9,0
748,erts-eyf6,0
749,ertz-hr4r,0
750,esep-hmvs,0
751,eukp-v77b,0
752,ev6t-jai6,0
753,eweh-h793,0
754,ewhs-k7um,0
755,ewmy-2fww,0
756,ex44-ct2x,0
757,ex6k-ym48,0
758,exe6-f2vx,0
759,exez-mxv4,0
760,exjm-f27b,0
761,ez4e-fazm,0
762,ezds-sqp6,0
763,ezfn-5dsb,0
764,f2cz-q2ik,0
765,f2kq-825w,0
766,f33j-ecpr,0
767,f3cg-u8bv,0
768,f3st-eexa,0
769,f3u3-q8ea,0
770,f42p-xqaa,0
771,f4tj-796d,0
772,f4ux-qw5u,0
773,f4zj-z3db,0
774,f55k-p6yu,0
775,f5y3-uf2u,0
776,f64t-5yiv,0
777,f6an-2v46,0
778,f6st-pb23,0
779,f7b6-v6v3,0
780,f7qh-bcr5,0
781,f9bf-2cp4,0
782,f9mb-fgwp,0
783,f9xn-fiww,0
784,fa9x-pfzm,0
785,fak5-wcft,0
786,fb26-34vu,0
787,fb4j-itwb,0
788,fb6n-h22r,0
789,fbaw-uq4e,0
790,fbmg-vwgd,0
791,fc53-9hrv,0
792,fc69-ufed,0
793,fd5y-xikb,0
794,fdgu-y9iy,0
795,fdkv-4t4z,0
796,ff9v-9yzg,0
797,ffnc-f3aa,0
798,fgqh-vfzz,0
799,fhj3-55ah,0
800,fhs8-jstc,0
801,fi8f-t673,0
802,fi97-k4k6,0
803,fiar-9bv5,0
804,fjb8-yxzv,0
805,fju2-rdad,0
806,fk5e-4bf4,0
807,fk8w-iymp,0
808,fmf3-knd8,0
809,fnf8-c7wx,0
810,fnkv-pyhj,0
811,fnzt-d3f7,0
812,fp78-wt5b,0
813,fpfg-qx2w,0
814,fpv2-r9br,0
815,fq9e-fd84,0
816,fqrp-y4d2,0
817,frre-6z6q,0
818,fsis-j6x5,0
819,fsmu-8tsy,0
820,ft4n-yqee,0
821,ft5g-idx8,0
822,ft9w-x7u5,0
823,ftpm-ey3k,0
824,ftxv-d5ix,0
825,ftyx-fhnc,0
826,fudw-fgrp,0
827,fuhs-xmg2,0
828,fuvx-wqd7,0
829,fuwu-64db,0
830,fuzb-9jre,0
831,fuzi-xuv4,0
832,fve3-eee8,0
833,fw4n-6ehm,0
834,fw5m-2rb3,0
835,fx4z-5xg2,0
836,fxdy-q85h,0
837,fxpq-c8ku,0
838,fyb8-mmde,0
839,fyf4-hrcu,0
840,fypi-ruxh,0
841,fzh2-sxib,0
842,fzv4-jan3,0
843,fzwc-6vqf,0
844,g2p7-76t7,0
845,g2t5-u7v8,0
846,g3s7-2g3d,0
847,g3xg-qtbc,0
848,g4tm-nibn,0
849,g4ux-eh4t,0
850,g4zf-s85y,0
851,g52i-ijbe,0
852,g54d-49wm,0
853,g5ah-i2sh,0
854,g62n-cz6a,0
855,g6pj-hd8k,0
856,g6v2-wcvk,0
857,g7ir-4pf8,0
858,g844-z9rd,0
859,g84h-jbjm,0
860,g8e6-y4ax,0
861,g993-cbry,0
862,g9jx-npbk,0
863,ga3c-v25a,0
864,gahm-hu5h,0
865,gaq9-z3hz,0
866,garv-x8q8,0
867,gbgg-xjuf,0
868,gcvr-n8qw,0
869,gcx5-axug,0
870,gcys-vvnq,0
871,gdpi-hegk,0
872,ge3f-inui,0
873,ge56-g6yt,0
874,ge9t-ywzs,0
875,genf-2k76,0
876,gepv-dxc2,0
877,gez6-674h,0
878,gfej-by6h,0
879,gffu-ps8j,0
880,gfqj-f768,0
881,ghgh-2vas,0
882,ghht-zbsp,0
883,ghpb-fpea,0
884,ghq4-ydq4,0
885,gi3h-3i8t,0
886,gi7d-8gt5,0
887,gi8d-wdg5,0
888,gk9u-c3tv,0
889,gmhi-8qzt,0
890,gmi7-62cd,0
891,gn7m-em8n,0
892,gne4-pga9,0
893,gnpd-qabs,0
894,gpny-cuvw,0
895,gqzy-vhwd,0
896,grbs-nm2g,0
897,grnn-mvqe,0
898,gsgx-6efw,0
899,gsj6-6rwm,0
900,gsjx-zx9n,0
901,gsr2-xq9e,0
902,gt6r-wh7c,0
903,gu76-8i7h,0
904,gx64-vjdi,0
905,gx7x-82rk,0
906,gyaz-82xj,0
907,gyjk-fbss,0
908,gyrw-gvqc,0
909,gysc-yn4h,0
910,gzdv-qiga,0
911,gzfs-3h4m,0
912,gzvm-na49,0
913,h2bn-gu9k,0
914,h2mm-eazk,0
915,h3qk-ybvt,0
916,h426-x5gi,0
917,h49x-6v6r,0
918,h4jy-7dv7,0
919,h59m-jnyu,0
920,h5f7-3btz,0
921,h5j6-bv4u,0
922,h65x-gk9r,0
923,h7fs-cqma,0
924,h922-d8e5,0
925,h9gi-nx95,0
926,h9ws-rfd9,0
927,hafw-ruje,0
928,hb7g-4ihf,0
929,hbw8-2bah,0
930,hc32-b4uk,0
931,hcf7-jp2y,0
932,hcir-3275,0
933,hcv4-fhfs,0
934,hdie-5bdv,0
935,hdpu-mku8,0
936,hdu7-ujt4,0
937,he6d-2qns,0
938,hebw-6hze,0
939,herb-qubg,0
940,hfa5-7rzg,0
941,hg8x-zxpr,0
942,hgue-hj96,0
943,hi3x-y76v,0
944,him9-7gri,0
945,hjjq-k984,0
946,hjqb-2g4j,0
947,hjvj-jfc9,0
948,hkqp-x7p9,0
949,hm4n-kxfu,0
950,hm5s-pgts,0
951,hm78-6dwm,0
952,hm83-bdp7,0
953,hn6c-5qkb,0
954,hnb3-32fi,0
955,hntz-vujg,0
956,hphp-39kk,0
957,hpid-63r5,0
958,hpku-qnwm,0
959,hpp2-afag,0
960,hpzm-w4pt,0
961,hq68-rnsi,0
962,hqb2-y6mu,0
963,hqhh-iv7p,0
964,hrn4-5ast,0
965,ht4t-wzcm,0
966,htkc-b6ea,0
967,hu6m-9cfi,0
968,hukm-2fri,0
969,hv77-qnda,0
970,hvrh-b6nb,0
971,hvwa-bi3h,0
972,hxay-3qcw,0
973,hxff-kzzc,0
974,hxm3-23vy,0
975,hxws-3mbm,0
976,hy4q-igkk,0
977,hz79-96hi,0
978,i296-73x5,0
979,i2y3-sx2e,0
980,i4p3-pe6a,0
981,i595-2byq,0
982,i5ef-jxv3,0
983,i5n2-q8ck,0
984,i6ds-scnc,0
985,i6mn-amj2,0
986,i8qp-5mwu,0
987,i8ua-bnkj,0
988,i8ys-e4pm,0
989,ia2d-e54m,0
990,ibip-ftv5,0
991,ibs4-k445,0
992,ic3t-wcy2,0
993,icps-nwdu,0
994,ie4z-reuy,0
995,ie6s-t87j,0
996,ieni-am9z,0
997,ifnn-4w9d,0
998,igad-psu6,0
999,ige5-v6sk,0
1000,ii2w-6fne,0
1001,iiu6-juu8,0
1002,ijhz-pu2a,0
1003,ijzq-5wy8,0
1004,ikqj-pyhc,0
1005,ikvd-dex8,0
1006,imfq-nf3j,0
1007,inik-59jp,0
1008,ipc3-2nbm,0
1009,ipf4-pzub,0
1010,ips9-qxk8,0
1011,ipsj-8mer,0
1012,ipu4-2q9a,0
1013,irg8-quqm,0
1014,irhv-jqz7,0
1015,irs3-wn2g,0
1016,is7e-8exf,0
1017,it9k-rtx5,0
1018,itd7-gx3g,0
1019,itfs-ms3e,0
1020,ivb7-t7a7,0
1021,ivbu-e2q7,0
1022,ivix-m77e,0
1023,iw4r-p85g,0
1024,iwqd-w8tu,0
1025,ixe9-9fcq,0
1026,ixwf-56db,0
1027,iyka-7txw,0
1028,iz2q-9x8d,0
1029,j2dd-88mm,0
1030,j2sr-pm3b,0
1031,j34j-vqvt,0
1032,j3uq-sh95,0
1033,j46e-fnm6,0
1034,j46y-iqiq,0
1035,j49e-erz3,0
1036,j55h-3upk,0
1037,j57c-rqtq,0
1038,j7gw-gcxi,0
1039,j7nh-487d,0
1040,j7tw-gms7,0
1041,j7wp-ax4x,0
1042,j7wr-gf2w,0
1043,j7yn-nvq9,0
1044,j8i7-ptfe,0
1045,j9q2-y739,0
1046,jafx-rvrb,0
1047,jb3k-j3gp,0
1048,jb7j-dtam,0
1049,jcs8-anmt,0
1050,jege-pgbz,0
1051,jf8f-zxb7,0
1052,jfju-ynrr,0
1053,jgtb-hmpg,0
1054,jhjm-vsp8,0
1055,jht3-w4hh,0
1056,ji82-xba5,0
1057,jjja-shxy,0
1058,jjvq-4t2v,0
1059,jk35-yh5p,0
1060,jk6k-yab4,0
1061,jkk2-3xzd,0
1062,jkyj-m87c,0
1063,jp5w-5njc,0
1064,jpcp-ic7c,0
1065,jpib-dv6s,0
1066,jr6k-xwua,0
1067,js7p-g9f6,0
1068,jstn-jaut,0
1069,jt4k-7qty,0
1070,jtpv-nuuc,0
1071,jtus-srrj,0
1072,jufi-gzgp,0
1073,juyv-2jek,0
1074,jvk9-k4re,0
1075,jvnx-z9de,0
1076,jwvp-gyiq,0
1077,jxi9-fk59,0
1078,jxmq-5dde,0
1079,jxs5-ygaz,0
1080,jxyc-rxiv,0
1081,jz44-s3dt,0
1082,jzhd-m6uv,0
1083,jzhx-pept,0
1084,k233-bk49,0
1085,k2da-5ijm,0
1086,k2ic-km9j,0
1087,k2ya-ucmv,0
1088,k2ye-5mmh,0
1089,k397-673e,0
1090,k3cd-yu9d,0
1091,k3ks-jzek,0
1092,k46n-sa2m,0
1093,k4nw-2tdw,0
1094,k5d2-tkrr,0
1095,k5k6-6jex,0
1096,k5us-nav4,0
1097,k659-gwja,0
1098,k67s-dv2t,0
1099,k72f-2ytm,0
1100,k7b3-4y4m,0
1101,k7nh-aufb,0
1102,k8ah-28f4,0
1103,k8in-e8bh,0
1104,kcey-vehy,0
1105,kcrm-j9hh,0
1106,kcrr-myj9,0
1107,kdda-2wcy,0
1108,ke49-x9wf,0
1109,ke4t-kbpi,0
1110,kewa-q4dq,0
1111,kfp4-dz4h,0
1112,kfrx-hgf8,0
1113,kfum-nzw3,0
1114,kgzj-pjna,0
1115,kha6-7i9i,0
1116,khci-nhn2,0
1117,kiwq-bb5k,0
1118,kiy2-qiem,0
1119,kjgh-ywbx,0
1120,kkjw-ny95,0
1121,kkng-ugna,0
1122,kku6-nxdu,0
1123,kkwv-djnk,0
1124,kmt4-jkta,0
1125,kmtx-45c9,0
1126,knnv-cidk,0
1127,knq4-3kz9,0
1128,knr6-vurn,0
1129,kpav-sd4t,0
1130,kpjg-ubxi,0
1131,kpv8-upnp,0
1132,kr87-pum9,0
1133,krx7-u82t,0
1134,krz2-j7bn,0
1135,krzg-2cun,0
1136,kswi-37bp,0
1137,kuk3-ypca,0
1138,kut8-vibx,0
1139,kvc5-kdj8,0
1140,kvfi-kxcq,0
1141,kvhd-5fmu,0
1142,kw9y-h36n,0
1143,kwk4-6u9e,0
1144,kwmq-dbub,0
1145,kwte-dppd,0
1146,kwvk-z7i9,0
1147,kxp8-n2sj,0
1148,kxua-p5dg,0
1149,ky6q-fvpr,0
1150,kybe-9iex,0
1151,kz4v-8ai2,0
1152,kz72-dump,0
1153,m2vu-mgzw,0
1154,m3fi-rt3k,0
1155,m3yx-mvk4,0
1156,m46f-nmju,0
1157,m48u-yjt8,0
1158,m56g-jpua,0
1159,m59i-mqex,0
1160,m6ad-jy3s,0
1161,m6ap-zcwi,0
1162,m7f5-x3k4,0
1163,mbd7-jfnc,0
1164,mbdi-zpep,0
1165,mc8j-n5nw,0
1166,mdbu-nrqn,0
1167,mdcr-pn8p,0
1168,mdcw-n682,0
1169,mdg8-aa3x,0
1170,mdht-5s6e,0
1171,mebz-ditc,0
1172,meug-f4mb,0
1173,mf9g-zhbw,0
1174,mfmf-gtvc,0
1175,mgfw-iixs,0
1176,mi4r-ama5,0
1177,mjaj-dbuh,0
1178,mmdw-rxy8,0
1179,mmu8-8w8b,0
1180,mmut-uup9,0
1181,mnkj-myjb,0
1182,mp3w-h26i,0
1183,mp8v-wjtf,0
1184,mpbx-6c9k,0
1185,mpg8-b8s5,0
1186,mpk5-48av,0
1187,mpmk-b5ed,0
1188,mr4m-hqav,0
1189,mran-v46w,0
1190,mrnf-ezdm,0
1191,ms66-xjfq,0
1192,mse5-qs8i,0
1193,mshx-yvwq,0
1194,msid-end4,0
1195,mthv-t59m,0
1196,mu2n-2qpd,0
1197,mu33-54em,0
1198,mumm-6t9n,0
1199,mvab-8uw7,0
1200,mvn6-575n,0
1201,mwzb-yiwb,0
1202,mx2v-5myb,0
1203,mxbm-493w,0
1204,myei-c3fa,0
1205,myhg-kfw9,0
1206,mz5e-yub2,0
1207,mzbd-kucq,0
1208,mzjp-98aw,0
1209,mzrr-g56e,0
1210,mzy5-smmw,0
1211,n22p-sx6y,0
1212,n2rw-tynt,0
1213,n2s5-fumm,0
1214,n4kn-dy2y,0
1215,n5n4-5k5r,0
1216,n6c5-95xh,0
1217,n6cw-dbdc,0
1218,n6uv-kunx,0
1219,n7gv-k5yt,0
1220,n7nh-rhic,0
1221,n8b9-ghux,0
1222,n8p9-7jxp,0
1223,na5f-2vg7,0
1224,naa7-pasa,0
1225,nahe-je7c,0
1226,nb39-jx2v,0
1227,nbun-a9vi,0
1228,nbun-wekj,0
1229,nc67-uf89,0
1230,ncbg-6agr,0
1231,nd82-bi9f,0
1232,ndgr-9drd,0
1233,ndq3-kuef,0
1234,ne9z-skhf,0
1235,nenq-ccpd,0
1236,nfz9-tzba,0
1237,ng7s-zne2,0
1238,ng9f-agux,0
1239,ngew-r755,0
1240,nhca-vme6,0
1241,nhms-9u6g,0
1242,nhq5-jx6b,0
1243,nhtw-fjuj,0
1244,nieh-77cs,0
1245,niy5-4j7q,0
1246,njjd-3gve,0
1247,nk37-cvvv,0
1248,nk7g-qeep,0
1249,nkb3-sy3i,0
1250,nmtq-hr8h,0
1251,nnyy-27fp,0
1252,npnk-wrj8,0
1253,nr9n-yqxr,0
1254,nre2-6m2s,0
1255,nsk4-4pvs,0
1256,ntbr-wib6,0
1257,nu7n-tubp,0
1258,nurr-mhyi,0
1259,nvgj-hbht,0
1260,nwet-nc6h,0
1261,nx9f-wn3a,0
1262,nxmt-wszr,0
1263,ny8v-zzzb,0
1264,nyit-f4w8,0
1265,nzih-r6xb,0
1266,p2d7-vcsb,0
1267,p2vv-pesb,0
1268,p373-rwkn,0
1269,p39r-nm7f,0
1270,p3e6-t4zv,0
1271,p48c-iqtu,0
1272,p5yk-zjsc,0
1273,p84r-8kqf,0
1274,p8i7-ix2s,0
1275,p937-wjvj,0
1276,p94q-8hxh,0
1277,pa5t-ktd3,0
1278,pasr-j7fb,0
1279,pawq-tjb4,0
1280,pbc8-mmb4,0
1281,pcgw-s47c,0
1282,pchn-eaxn,0
1283,pdiy-9ae5,0
1284,pdpg-nn8i,0
1285,peat-vx5z,0
1286,pf3n-zn2m,0
1287,pfys-fabf,0
1288,pgrs-2cjd,0
1289,pgtq-ht5f,0
1290,ph29-5mxy,0
1291,ph7v-u5f3,0
1292,phkb-tkts,0
1293,phxt-vb3r,0
1294,piri-jns7,0
1295,pjgc-h7uv,0
1296,pjwn-nnx8,0
1297,pkhy-wwga,0
1298,pkmi-4kfn,0
1299,pmj5-4bsh,0
1300,pn7c-bqri,0
1301,pnbs-aynd,0
1302,pp5b-95kq,0
1303,ppub-hbwx,0
1304,pqb7-6q2k,0
1305,pqdc-ncdn,0
1306,pqg4-dm6b,0
1307,pr5n-ucgi,0
1308,pri4-ifjk,0
1309,psqs-brte,0
1310,psx2-aqx3,0
1311,ptev-4hud,0
1312,ptkq-bbd4,0
1313,pu45-qynj,0
1314,puec-8mer,0
1315,pvkv-25ck,0
1316,pvvr-75zk,0
1317,pvxf-9irb,0
1318,pwts-g83w,0
1319,pxfd-dpcz,0
1320,q2ni-ztsb,0
1321,q45m-5vk4,0
1322,q48k-6suv,0
1323,q49j-2bun,0
1324,q4ia-5r85,0
1325,q5mz-t52e,0
1326,q5u8-89nv,0
1327,q5za-zqz7,0
1328,q663-gvx6,0
1329,q7bn-wnne,0
1330,q7f5-jwds,0
1331,q7kr-hyux,0
1332,q7ra-ebu4,0
1333,q937-un2p,0
1334,q974-2uuf,0
1335,q9rw-qihz,0
1336,qad5-y26n,0
1337,qafz-7myz,0
1338,qb86-fg8z,0
1339,qbce-2kcu,0
1340,qbjq-atxv,0
1341,qbvv-9nzz,0
1342,qc36-ccxk,0
1343,qcdj-rwhu,0
1344,qchy-end3,0
1345,qcqw-kzj6,0
1346,qcru-xhuq,0
1347,qcwe-qqie,0
1348,qd93-w582,0
1349,qdim-r2ma,0
1350,qdq3-9eqn,0
1351,qe3p-6ugh,0
1352,qf92-qkjm,0
1353,qfs9-xn8t,0
1354,qgea-i56i,0
1355,qhm5-h46t,0
1356,qirg-qbv8,0
1357,qiwj-eg47,0
1358,qiwj-i2jk,0
1359,qj2z-ibhs,0
1360,qjx7-9mep,0
1361,qkez-i8mv,0
1362,qkm5-nuaq,0
1363,qm58-9mub,0
1364,qmc5-z72r,0
1365,qnuk-aubm,0
1366,qnwe-j5my,0
1367,qpbf-g2yx,0
1368,qpm9-j523,0
1369,qqba-8akg,0
1370,qs4p-vs2w,0
1371,qsuf-mgjh,0
1372,qsxn-jchj,0
1373,qt5r-nqxp,0
1374,qta3-sq5k,0
1375,qtma-k4hh,0
1376,qu8g-sxqf,0
1377,qusa-igsv,0
1378,quxm-hmyr,0
1379,qvdv-dru4,0
1380,qwca-zqw3,0
1381,qxbt-vysj,0
1382,qy7q-cb9e,0
1383,qyyg-4tf5,0
1384,r2ng-2bhg,0
1385,r465-fr2q,0
1386,r4s5-tb2g,0
1387,r5j3-b762,0
1388,r5p4-2qap,0
1389,r63n-8hf3,0
1390,r67x-e97r,0
1391,r6ub-zhff,0
1392,r75y-8qe7,0
1393,r7rr-2vqh,0
1394,r8mb-budb,0
1395,rb2h-bgai,0
1396,rb2v-pszf,0
1397,rb33-zusf,0
1398,rb38-kd48,0
1399,rbvx-jqnh,0
1400,rbwa-m4iy,0
1401,rc2t-8fid,0
1402,rcdb-6tdq,0
1403,rdxc-q253,0
1404,rej3-v4c3,0
1405,rf3p-853x,0
1406,rfpq-hs49,0
1407,rfu7-paqe,0
1408,rghe-gkg2,0
1409,rhe8-mgbb,0
1410,rhtj-vttz,0
1411,ridc-7qqg,0
1412,rjaj-zgq7,0
1413,rk35-5hwy,0
1414,rk6w-n3dw,0
1415,rmv8-86p4,0
1416,rp8m-vm93,0
1417,rpeq-j89e,0
1418,rqgf-94xs,0
1419,rrfc-w3w8,0
1420,rs6k-p7g6,0
1421,rsgh-akpg,0
1422,rsnd-bbih,0
1423,rsnp-rdyf,0
1424,rtws-c2ai,0
1425,rw6k-9v7e,0
1426,rwa3-b3wr,0
1427,rxj2-pb49,0
1428,rxuy-2muj,0
1429,s3uf-q278,0
1430,s3zn-tf7c,0
1431,s5c9-5mja,0
1432,s5mq-f5ie,0
1433,s65f-sqe8,0
1434,s67q-ee5u,0
1435,s67x-p7nk,0
1436,s6dm-mdan,0
1437,s6eb-zqd5,0
1438,s79c-jgrm,0
1439,s7cx-86ha,0
1440,s7yh-frbm,0
1441,s84u-yh9q,0
1442,s8jv-f44n,0
1443,s8tx-673w,0
1444,s8x5-ashy,0
1445,sa5w-dn2t,0
1446,sas9-vd86,0
1447,sbvv-hpwv,0
1448,scjj-6yaf,0
1449,se9y-csnn,0
1450,sebv-z45x,0
1451,sefr-5pmx,0
1452,sfvr-tcdy,0
1453,sg2s-hjt6,0
1454,sg6c-6sse,0
1455,sgjd-xi99,0
1456,sgvu-nui7,0
1457,si9g-fztb,0
1458,sibt-hnvk,0
1459,sivq-4tyd,0
1460,sjpy-4cc9,0
1461,sjxh-har6,0
1462,sjy3-nf9e,0
1463,sknu-4f6s,0
1464,smk3-tmxj,0
1465,smkj-7vb5,0
1466,sms6-sm5p,0
1467,sn5i-xuny,0
1468,snck-inhz,0
1469,sngu-yqq8,0
1470,snt7-jkiu,0
1471,sp4a-vevi,0
1472,sp7n-275u,0
1473,sp8u-nh2n,0
1474,sp9a-cd2a,0
1475,spax-mybh,0
1476,sqcr-6mww,0
1477,sqmu-2ixd,0
1478,ssq6-fkht,0
1479,stv3-xtpf,0
1480,su44-8gcn,0
1481,su6u-afcg,0
1482,suzc-ps6g,0
1483,svyi-maaj,0
1484,sx36-djm7,0
1485,sx92-yn4a,0
1486,sxe3-hucm,0
1487,sxmw-f24h,0
1488,sybh-s59s,0
1489,syig-q8ab,0
1490,szgz-ysuz,0
1491,t22b-cmty,0
1492,t29m-gskq,0
1493,t3w8-49gp,0
1494,t446-jbtd,0
1495,t4re-ksn6,0
1496,t572-gp5u,0
1497,t5w8-y8xf,0
1498,t6ia-5tin,0
1499,t7k8-wj6b,0
1500,t7p9-n9dy,0
1501,t7xz-mxnb,0
1502,t9iz-i583,0
1503,t9nb-zfe4,0
1504,tar7-vww3,0
1505,tars-scr5,0
1506,tavr-zknk,0
1507,tbhc-a2hs,0
1508,tczk-5sa2,0
1509,td5q-ry6d,0
1510,tdd6-3ysr,0
1511,tesz-9suw,0
1512,tg3t-nh4h,0
1513,tgqn-na2n,0
1514,tgrn-h24f,0
1515,tgzg-ssan,0
1516,thjb-fm53,0
1517,thrx-b6bc,0
1518,thut-5mdg,0
1519,tiwv-ukz3,0
1520,tiyn-ajjm,0
1521,tk57-ks48,0
1522,tkzt-zfpz,0
1523,tm5c-buy3,0
1524,tm6d-hbzd,0
1525,tmha-56pf,0
1526,tmr6-dfvn,0
1527,tncb-agv4,0
1528,tngj-drbu,0
1529,tnru-abg2,0
1530,tnry-kwh5,0
1531,tphr-wtjd,0
1532,tqh4-y786,0
1533,tre2-h8i2,0
1534,trm8-fqqz,0
1535,ts56-fkf5,0
1536,tsak-vtv3,0
1537,tsbd-7yyy,0
1538,tsny-wwsu,0
1539,tsps-ttpz,0
1540,tuie-py5h,0
1541,tukx-dsca,0
1542,tvpp-9vvx,0
1543,twim-r7xp,0
1544,ty7c-8rmq,0
1545,tybm-5xnx,0
1546,tyfh-9h2y,0
1547,tyjc-nqc2,0
1548,tyv9-j3ti,0
1549,tzuk-eq2f,0
1550,tzwr-vksx,0
1551,u2m4-wh3s,0
1552,u2su-gdc2,0
1553,u3t3-74n4,0
1554,u4ef-3s9d,0
1555,u4hi-kt3x,0
1556,u5j4-zxpn,0
1557,u5vp-yxq8,0
1558,u6nh-b56h,0
1559,u6p4-fsey,0
1560,u8dp-jhsx,0
1561,u97r-kgca,0
1562,ub9e-s7ai,0
1563,ub9z-gccp,0
1564,ubdi-jgw2,0
1565,ubkx-acdh,0
1566,ucdy-byxd,0
1567,ud5r-z5ws,0
1568,ud6j-d73w,0
1569,udss-6pus,0
1570,uedp-fegm,0
1571,uep6-mri2,0
1572,uetw-jfrg,0
1573,uex9-rfq8,0
1574,uf53-ree9,0
1575,ug3g-mdky,0
1576,ugc2-6t2g,0
1577,ugqd-j3dx,0
1578,ugzk-a6x4,0
1579,uh2w-zjsn,0
1580,uhw3-ky8e,0
1581,uiay-nctu,0
1582,uip8-fykc,0
1583,uisg-ivwv,0
1584,ujre-m2tj,0
1585,uk5i-vjzr,0
1586,ukdt-xm28,0
1587,umfn-twbz,0
1588,umvu-uw78,0
1589,undh-nqn9,0
1590,unw7-yyit,0
1591,upii-frjc,0
1592,uqgd-pt5w,0
1593,urc8-8bjy,0
1594,urz7-pzb3,0
1595,us4j-b5zt,0
1596,usc3-8zwd,0
1597,ut65-is4f,0
1598,utnf-u4xf,0
1599,utpj-74fz,0
1600,utrx-wxe8,0
1601,utu8-j8sk,0
1602,uu87-uz8m,0
1603,uvbr-fk6w,0
1604,uvgd-xsc8,0
1605,uvw5-9znb,0
1606,uwyv-629c,0
1607,ux7j-iww6,0
1608,uxpt-rzip,0
1609,uxsm-hzx3,0
1610,uxt4-ugwr,0
1611,uz9h-5uv2,0
1612,uzcy-9puk,0
1613,uzf5-f8n2,0
1614,uzgy-xh4j,0
1615,v2h8-6mxf,0
1616,v3am-k46r,0
1617,v475-8jcj,0
1618,v55h-aeac,0
1619,v57i-gtxb,0
1620,v5jd-6wqn,0
1621,v5w4-adxa,0
1622,v7f4-yzyg,0
1623,v7gg-i7xs,0
1624,v7hc-c85a,0
1625,v9xd-tt3e,0
1626,vajk-p37e,0
1627,vavg-cg3g,0
1628,vbgf-ket3,0
1629,vck7-ujai,0
1630,vdbc-pyc9,0
1631,vdem-2i66,0
1632,vdgp-ddvg,0
1633,vdkk-sqws,0
1634,ven4-h25u,0
1635,veqt-eu3t,0
1636,vf4p-p8ui,0
1637,vfid-uain,0
1638,vfnx-vebw,0
1639,vg63-xw6u,0
1640,vhah-kvpj,0
1641,vhtt-kpwy,0
1642,vijr-8gr7,0
1643,vk6p-jwjf,0
1644,vk9f-gvzq,0
1645,vm3f-2n7x,0
1646,vmkw-p55f,0
1647,vn2t-jh2b,0
1648,vn4m-mk4t,0
1649,vn74-s6rt,0
1650,vntq-qu86,0
1651,vnwq-9b7b,0
1652,vnwz-ihnf,0
1653,vq35-j9qm,0
1654,vr2i-c3qq,0
1655,vr8g-vfny,0
1656,vr8p-8shw,0
1657,vrar-mb2u,0
1658,vrfr-9k4d,0
1659,vsnr-94wk,0
1660,vtjm-ngnu,0
1661,vv3n-5y3z,0
1662,vvj6-d5qx,0
1663,vvym-pu7g,0
1664,vwpc-kje2,0
1665,vwxi-2r5k,0
1666,vx8i-nprf,0
1667,vxn4-gvgm,0
1668,vxrc-r6hh,0
1669,vy67-bzq3,0
1670,vypd-m9q8,0
1671,vyxt-abab,0
1672,vz7h-p6wa,0
1673,vza7-n6vi,0
1674,vzcf-ypyz,0
1675,w23u-4th9,0
1676,w297-q7jn,0
1677,w3wp-dpdi,0
1678,w4v2-rv6b,0
1679,w4v6-3sdt,0
1680,w6yt-hctp,0
1681,w7fs-fd9i,0
1682,w7w3-xahh,0
1683,w8cn-6mjd,0
1684,w8eg-8ha6,0
1685,w99a-xtai,0
1686,w9dc-u4ik,0
1687,w9if-3pyn,0
1688,wa2y-rh4b,0
1689,wbtw-zkex,0
1690,wcm8-aq5w,0
1691,wcmg-48ep,0
1692,wcpw-9chs,0
1693,weqx-t5xr,0
1694,wexi-2njw,0
1695,wf9c-gupx,0
1696,wffy-3iyg,0
1697,wg5a-mubp,0
1698,wg9x-4ke6,0
1699,wha7-46h5,0
1700,wi3r-8uzb,0
1701,wibz-uqui,0
1702,wip6-ytad,0
1703,wmn9-zjsc,0
1704,wmsu-5muw,0
1705,wn79-er9p,0
1706,wnm5-hbzp,0
1707,wnu3-egq7,0
1708,wq7m-7i29,0
1709,wqh5-zjte,0
1710,wqhs-q6wd,0
1711,wr2n-ag8h,0
1712,wruz-m9pp,0
1713,wryt-jaa6,0
1714,wrzv-t2c4,0
1715,wshr-5vic,0
1716,wssh-seqa,0
1717,wswf-9pts,0
1718,wt4d-p43d,0
1719,wtqm-fd2z,0
1720,wugy-h4kt,0
1721,wunb-i9sc,0
1722,wusu-mzmq,0
1723,wv4q-e75v,0
1724,ww83-bcks,0
1725,wxhr-qbhz,0
1726,wxmz-2gii,0
1727,wycc-5aqt,0
1728,wye7-nyek,0
1729,wyhw-ykq2,0
1730,wzur-rhz9,0
1731,x2ak-gjxj,0
1732,x2sd-f2zp,0
1733,x2z9-ihqe,0
1734,x3kb-2vbv,0
1735,x4hu-rz9v,0
1736,x4ud-jhxu,0
1737,x4x8-m3ds,0
1738,x56h-7iwp,0
1739,x5ra-hhdw,0
1740,x5tk-fa54,0
1741,x77w-bjx9,0
1742,x79z-q7y2,0
1743,x7pf-vzed,0
1744,x98t-3bbk,0
1745,x9i6-ckbm,0
1746,x9wy-ing4,0
1747,xaa3-fatk,0
1748,xagh-idmf,0
1749,xatq-cxeq,0
1750,xbvj-gfnw,0
1751,xck4-5xd5,0
1752,xd8h-7j2h,0
1753,xdd4-2y5h,0
1754,xdqu-utzq,0
1755,xdsd-mmyu,0
1756,xdzg-dnpg,0
1757,xefy-6ent,0
1758,xfhz-rhsk,0
1759,xggi-kgx9,0
1760,xhmm-58fn,0
1761,xhvt-s4va,0
1762,xi2y-szfs,0
1763,xi5z-cgq7,0
1764,xi6w-cfy5,0
1765,xi7c-iiu2,0
1766,xiht-rtn7,0
1767,xijd-ubiu,0
1768,xirx-msjc,0
1769,xiyj-m4sj,0
1770,xiyt-f6tz,0
1771,xjcm-e5uy,0
1772,xjfq-wh2d,0
1773,xjgv-jugs,0
1774,xjtr-h2x2,0
1775,xk8i-qnua,0
1776,xkuq-9uzf,0
1777,xkzb-irtw,0
1778,xkzc-675v,0
1779,xmiz-qy72,0
1780,xmmq-y7za,0
1781,xmzf-uf2w,0
1782,xn3r-zk6y,0
1783,xne4-4v8f,0
1784,xnje-s6zf,0
1785,xpbf-ithr,0
1786,xprg-trsi,0
1787,xqbk-beh5,0
1788,xr5s-zsn6,0
1789,xrfd-bjik,0
1790,xrwg-eczf,0
1791,xs6e-ka4w,0
1792,xswq-wnv9,0
1793,xt4f-xvjw,0
1794,xt7f-mv4x,0
1795,xtsw-fqvh,0
1796,xuek-2su9,0
1797,xuij-x4t4,0
1798,xw3c-8982,0
1799,xx4a-msrm,0
1800,xy43-qc25,0
1801,xy5n-i6mb,0
1802,xyq2-jjkn,0
1803,xzj8-i3jk,0
1804,xzy8-qqgf,0
1805,y237-iita,0
1806,y3gq-zv28,0
1807,y3hw-z6bm,0
1808,y43c-5n92,0
1809,y4fw-iqfr,0
1810,y4nf-25nw,0
1811,y4pq-zdn5,0
1812,y4yc-78a4,0
1813,y52e-hp89,0
1814,y6fv-k6p7,0
1815,y7az-s7wc,0
1816,yahh-6yjc,0
1817,ydkf-mpxb,0
1818,ye3c-m4ga,0
1819,yeu7-rqiu,0
1820,yeut-b48d,0
1821,yg3y-7juh,0
1822,yg5a-hytu,0
1823,yg8h-c8c7,0
1824,yh4a-g3fj,0
1825,yhdx-itry,0
1826,yhuu-4pt3,0
1827,yibg-6r2q,0
1828,yig9-9zum,0
1829,yini-w76t,0
1830,yjsf-89ae,0
1831,yjub-udmw,0
1832,ykvb-493p,0
1833,ykx2-pdw8,0
1834,ymc8-mg8s,0
1835,ymhw-9cz9,0
1836,ymvu-4x4s,0
1837,ymyu-3dbp,0
1838,ynaw-bmnm,0
1839,ynic-uz5i,0
1840,ynsf-rr5f,0
1841,yp6n-7jdy,0
1842,yphg-6fug,0
1843,ypm7-drwf,0
1844,yqhh-93zq,0
1845,yr5p-wjer,0
1846,yrf7-4wry,0
1847,yrnt-txti,0
1848,yrt9-58g8,0
1849,ys48-9d3c,0
1850,ytjm-yias,0
1851,yu9n-iqyk,0
1852,yunp-vs8g,0
1853,yv25-wqf9,0
1854,yv4m-nu6d,0
1855,yv6j-r66f,0
1856,ywiv-5gyw,0
1857,ywm2-wzzf,0
1858,yz7z-iupz,0
1859,zhrf-jnt6,0
1860,zkky-n5j3,0
1861,zpd4-gad8,0
1862,zs4w-c9cd,0
1863,zt9s-n5aj,0
1864,zyf6-z3xt,0
1865,22rr-ujq3,1
1866,23z9-6uk9,1
1867,242c-ru4i,1
1868,29bv-qqsy,1
1869,2a5f-5ryi,1
1870,2cd9-59fr,1
1871,2kdb-mfqb,1
1872,2pg3-gcaa,1
1873,2ps2-dsjr,1
1874,2t32-hbca,1
1875,3279-pp7v,1
1876,3m2q-9maw,1
1877,3qfc-4tta,1
1878,3vjv-6tf5,1
1879,45nu-yrf2,1
1880,4c8i-cnte,1
1881,4e3j-75af,1
1882,4e9g-bgra,1
1883,4ks2-3rz5,1
1884,4n6u-rqyh,1
1885,4p3u-pfnp,1
1886,4ynn-w9fk,1
1887,54rr-tdmz,1
1888,55yj-h64d,1
1889,5fgn-pgqe,1
1890,5zjm-4nny,1
1891,68qr-38va,1
1892,6bic-qvek,1
1893,6dx8-h7s4,1
1894,6gvx-hydd,1
1895,6kcb-9g8d,1
1896,6wwu-giff,1
1897,72ss-25qh,1
1898,77d2-9ebr,1
1899,77u7-ptbn,1
1900,7bjc-nmt5,1
1901,7crd-d9xh,1
1902,7ej9-npzm,1
1903,7pi4-r8u2,1
1904,7pza-ynkh,1
1905,7rf2-3gxf,1
1906,7yc5-fec2,1
1907,7ynj-zrfs,1
1908,8532-9v5k,1
1909,8792-ebcp,1
1910,88m5-5vz3,1
1911,89bd-raqa,1
1912,8as3-nzhd,1
1913,8b6c-7uty,1
1914,8b9a-pywy,1
1915,8fhn-c4v3,1
1916,8fwe-y7ui,1
1917,8h5p-ccrz,1
1918,8jzu-ady5,1
1919,8mzw-jfss,1
1920,8te3-bhtv,1
1921,9ddu-fvnv,1
1922,9h95-gife,1
1923,9rz4-mjek,1
1924,9sji-jws4,1
1925,a345-26ab,1
1926,a3vc-fsgj,1
1927,a6bb-tgvr,1
1928,a8si-arxu,1
1929,afsf-hz68,1
1930,apih-xnk4,1
1931,arzb-yfdv,1
1932,asbw-cwm7,1
1933,au8p-qz8c,1
1934,auj6-ur3j,1
1935,ax85-bzte,1
1936,b22r-9izv,1
1937,bd8j-m46a,1
1938,bmhe-urrg,1
1939,bss9-579f,1
1940,bx2w-sb84,1
1941,by6m-6zpb,1
1942,bzs3-dh33,1
1943,cete-9g3v,1
1944,da76-p95d,1
1945,dmue-3nqk,1
1946,dnjp-mkjx,1
1947,dvzp-h4k9,1
1948,e2f7-cs7i,1
1949,e6t3-7z92,1
1950,e7es-jx5j,1
1951,ecej-79ys,1
1952,efzr-wfp2,1
1953,eg75-mh9k,1
1954,ewg2-2vyd,1
1955,f5zq-eacn,1
1956,f6s7-vytj,1
1957,fdpt-nzk4,1
1958,fdx7-6jsr,1
1959,g3vh-kbnw,1
1960,ge8j-uqbf,1
1961,gkd7-3vk7,1
1962,gpwd-npar,1
1963,gx5n-2nma,1
1964,gxhb-59kq,1
1965,gxt2-i5qe,1
1966,hc8x-tcnd,1
1967,hg3k-2w6h,1
1968,hjae-yuav,1
1969,hq56-zhrp,1
1970,hrii-hezj,1
1971,hti8-xb6u,1
1972,hyht-buiu,1
1973,i6ky-n2wd,1
1974,i9pf-sj7c,1
1975,im58-6hb9,1
1976,ismp-xffj,1
1977,j8p3-8ufc,1
1978,jcih-dj9q,1
1979,je36-bj3z,1
1980,jqy3-ybjq,1
1981,ju3b-rwpy,1
1982,k3e2-emsq,1
1983,k65y-fzgq,1
1984,k8hv-44tq,1
1985,kg6x-kv5b,1
1986,kivi-tmb3,1
1987,kiyv-ks3f,1
1988,kjtf-e6kp,1
1989,kjxa-7ccf,1
1990,kquf-ewd9,1
1991,kybr-br4u,1
1992,m2z7-dx25,1
1993,mcti-yg8i,1
1994,miz8-534t,1
1995,mqk5-vp9c,1
1996,n3p6-zve2,1
1997,n5e5-z493,1
1998,n88k-5bs4,1
1999,n9yn-6q3f,1
2000,naib-xtez,1
2001,nie4-bv6q,1
2002,nk42-j6hc,1
2003,nn5y-wmuj,1
2004,nntm-ht5m,1
2005,nzvw-cjc2,1
2006,p6bh-gqsg,1
2007,pd6g-yghw,1
2008,phqd-xav8,1
2009,pvwn-aqw2,1
2010,pzz2-ca2q,1
2011,q7r2-64fm,1
2012,q9xk-w9iv,1
2013,qe6k-pu9t,1
2014,qf2u-z2br,1
2015,qjqq-8zh3,1
2016,qvtg-k2hn,1
2017,r2j4-rc64,1
2018,rek2-fjft,1
2019,rew8-qrvr,1
2020,rjqi-t95z,1
2021,rqvv-d722,1
2022,rrd7-vuvp,1
2023,rskq-5bfv,1
2024,s3k6-pzi2,1
2025,s52a-8aq6,1
2026,s6qk-qkvb,1
2027,s7zi-dgdx,1
2028,sk7w-byju,1
2029,szn6-bbuk,1
2030,t5qg-w9sq,1
2031,tcj7-bhry,1
2032,tgyc-r5jh,1
2033,tkdy-59zg,1
2034,u4g8-wkku,1
2035,u553-m549,1
2036,u7tg-8kia,1
2037,u9k7-x2z3,1
2038,udtw-swpa,1
2039,uk7t-q4s9,1
2040,uq7m-95z8,1
2041,uqxv-h2se,1
2042,urvc-2kdr,1
2043,urxm-vzzk,1
2044,urzf-q2g5,1
2045,uv67-wxba,1
2046,v3zf-nci8,1
2047,v6g5-uh5z,1
2048,v9sd-nunw,1
2049,vc9v-wg6y,1
2050,vibf-3qrq,1
2051,vjbm-hsyr,1
2052,vw9i-7mzq,1
2053,vxah-4hdw,1
2054,vxms-daea,1
2055,vz8c-29aj,1
2056,w3c6-35wg,1
2057,w3w9-rtaj,1
2058,w9ei-idxz,1
2059,wg68-84sr,1
2060,wspa-cuqk,1
2061,wvts-6tdf,1
2062,xeg2-veq2,1
2063,xfkn-vsp9,1
2064,xk6g-r83g,1
2065,xni9-ncns,1
2066,xqmg-7z3j,1
2067,xw3j-2yxf,1
2068,xxjs-y9yk,1
2069,y8tr-23bj,1
2070,yann-8etk,1
2071,ycfm-qijh,1
2072,yeba-ynb5,1
2073,yitc-zzrc,1
2074,yizy-365y,1
2075,ytju-73hj,1
2076,2jj7-gj6x,2
2077,2pmj-y4p4,2
2078,4g4r-7dfb,2
2079,4j29-i5ry,2
2080,5x3g-g8de,2
2081,6jek-z9ge,2
2082,78sp-6jhj,2
2083,7gmq-dbas,2
2084,7hpk-8zed,2
2085,7vu2-3skk,2
2086,8fje-7v4x,2
2087,9a87-6m4x,2
2088,ab4a-qhzt,2
2089,acxp-7ep7,2
2090,aprw-p4ws,2
2091,bnkq-6un4,2
2092,c5dk-m6ea,2
2093,cspg-yi7g,2
2094,cxyq-uhvk,2
2095,cxzk-qz9w,2
2096,d6di-qmzq,2
2097,d7n3-sf2d,2
2098,dcjb-es8v,2
2099,eizi-ujye,2
2100,fcau-jc6k,2
2101,gj2m-sgjc,2
2102,gjm4-k24g,2
2103,h3ke-x25q,2
2104,hyer-4e39,2
2105,i8f4-bu5r,2
2106,iz3u-6yhq,2
2107,kdm9-vp7d,2
2108,ks56-wyey,2
2109,kyad-zm4j,2
2110,mpqk-skis,2
2111,n4hs-fahn,2
2112,n84m-kx4j,2
2113,nbgq-j9jt,2
2114,nkn9-ge6x,2
2115,nrik-v7ws,2
2116,nwrb-z58j,2
2117,pask-bcmz,2
2118,pfn4-vjwr,2
2119,q68s-8qxv,2
2120,q6p5-m7xb,2
2121,qmh3-uvgq,2
2122,rv63-53db,2
2123,sban-vuz2,2
2124,sbnd-xujn,2
2125,sh4i-rsb8,2
2126,shc3-rmhi,2
2127,sntb-k5vj,2
2128,ssqc-a9e6,2
2129,szfr-d24y,2
2130,tn4g-ski5,2
2131,tpix-uwie,2
2132,u7ws-2dus,2
2133,uebm-cmjr,2
2134,ufzp-rrqu,2
2135,uhb2-uqfs,2
2136,un72-4nix,2
2137,un8d-rbed,2
2138,uwim-9338,2
2139,uyj8-7rv5,2
2140,vgqq-m7ux,2
2141,w49k-mmkh,2
2142,wag2-kf63,2
2143,weaz-wxw9,2
2144,wr4r-bue7,2
2145,xfsg-qhaw,2
2146,xsd9-52hv,2
2147,ye4j-rp7z,2
2148,2a67-6eaq,3
2149,2anc-iydk,3
2150,2ay5-tqqe,3
2151,2bs8-z87y,3
2152,2gcj-p28u,3
2153,2rd2-9uwy,3
2154,2vk5-6yq6,3
2155,3bkj-34v2,3
2156,3fes-huds,3
2157,3u5q-ae5y,3
2158,42et-jh9v,3
2159,42p9-q6fd,3
2160,45sb-srb5,3
2161,4cjm-3vyv,3
2162,4fcz-jias,3
2163,4mfq-ds6b,3
2164,4n2j-ut8i,3
2165,4tdt-h5f6,3
2166,53jv-eiur,3
2167,5dic-xnxs,3
2168,5fsg-d8c9,3
2169,5hb6-gnie,3
2170,5s8t-db6q,3
2171,5u4m-9udf,3
2172,66ry-raij,3
2173,66yh-nemi,3
2174,6irv-e4ks,3
2175,6smc-7mk6,3
2176,6sqr-c995,3
2177,6wee-b7wf,3
2178,785g-7qf7,3
2179,78sn-deuh,3
2180,83z6-smyr,3
2181,8fj8-3sgg,3
2182,8ruf-3bq8,3
2183,8vgb-zm6e,3
2184,99gz-6gpw,3
2185,9auy-76zt,3
2186,9b8z-mk7h,3
2187,9btm-sxj3,3
2188,9dux-uz3w,3
2189,9gs9-zhxw,3
2190,9k82-ys7w,3
2191,ac4n-c5re,3
2192,ahjc-fdu3,3
2193,ajin-fesn,3
2194,b225-hg9m,3
2195,b36s-tuqc,3
2196,bf74-7bnx,3
2197,bheb-sjfi,3
2198,bj76-nbjg,3
2199,bk4j-3hk5,3
2200,brxp-zcjz,3
2201,bvzk-auuz,3
2202,bwx8-3rf4,3
2203,c5ft-upv9,3
2204,c5u8-5c47,3
2205,ccgt-mp8e,3
2206,cera-vfws,3
2207,chb2-ipkr,3
2208,cmni-fvnx,3
2209,cnnp-j87w,3
2210,crns-fw6u,3
2211,cs9t-e3x8,3
2212,cteu-mj4k,3
2213,cvh6-nmyi,3
2214,cvse-perd,3
2215,d28w-n2x4,3
2216,d5g5-kttt,3
2217,dfv3-jzjw,3
2218,dhgx-p2ue,3
2219,did2-qzw3,3
2220,ebu5-jrfz,3
2221,ek6b-5n74,3
2222,emnd-d8ba,3
2223,er9e-qz8i,3
2224,esmb-8zkm,3
2225,eu48-ehkz,3
2226,f3h8-59sn,3
2227,fq4m-vjs9,3
2228,fupk-24im,3
2229,fxs2-faah,3
2230,g2j4-eudg,3
2231,gc4z-q69i,3
2232,gezn-7mgk,3
2233,gf36-w2jr,3
2234,gix2-d8at,3
2235,gnum-kz6r,3
2236,h424-4zbv,3
2237,h4mf-f24e,3
2238,hc9t-g6wa,3
2239,i3si-qy6x,3
2240,i447-i5u3,3
2241,i4ni-6qin,3
2242,i762-rk6i,3
2243,igkm-n3xt,3
2244,igsj-fxac,3
2245,is5y-7g3y,3
2246,j4wk-mndk,3
2247,j8sx-ccsq,3
2248,jcj6-zji6,3
2249,jign-uhe6,3
2250,jpe4-9hh5,3
2251,k2zg-756q,3
2252,k84j-firu,3
2253,kd8f-uxui,3
2254,kewp-r7r7,3
2255,kknj-ey22,3
2256,km68-5z64,3
2257,ksfe-nc8x,3
2258,kuw6-zcm2,3
2259,kyvb-rbwd,3
2260,m27t-ht3h,3
2261,mhpm-4ekb,3
2262,mjux-q9d4,3
2263,mmvm-mvi3,3
2264,mnz3-dyi8,3
2265,mqdy-gu73,3
2266,mw3t-6kth,3
2267,n5xa-24cw,3
2268,nawr-fbpn,3
2269,ncre-qhxs,3
2270,nhak-36my,3
2271,njqj-g8fv,3
2272,nvm3-w2i6,3
2273,nwjy-fdec,3
2274,nyuc-6mit,3
2275,p32s-yqxq,3
2276,p4u2-3jgx,3
2277,p6h4-mpyy,3
2278,pexc-kg7n,3
2279,pf9y-ef2p,3
2280,pfwf-dpwc,3
2281,pq5i-thsu,3
2282,pshf-uxpw,3
2283,qem4-8xtj,3
2284,qiyv-ty5u,3
2285,qkpp-pbi8,3
2286,qtw2-wfsy,3
2287,qvir-knu3,3
2288,r9z2-6j3f,3
2289,rcd4-qkns,3
2290,rcz9-btkn,3
2291,rn6p-xvjd,3
2292,ru7q-zr7g,3
2293,s27g-2w3u,3
2294,s47t-kwt5,3
2295,sage-tgxd,3
2296,sjdi-a6us,3
2297,t6a9-nby7,3
2298,tq7f-w2f5,3
2299,u4es-gw3m,3
2300,u69g-mvrb,3
2301,uinz-vc7n,3
2302,uk6z-hem9,3
2303,upwt-zvh3,3
2304,uzmq-2khh,3
2305,v2hd-uwxx,3
2306,v4se-2t5p,3
2307,v9z6-t6nq,3
2308,vbcn-wn88,3
2309,vmbc-b9fa,3
2310,vrn4-2abs,3
2311,vvdx-b56i,3
2312,w49t-5gha,3
2313,wed3-5i35,3
2314,weg5-33pj,3
2315,x3n4-h56k,3
2316,x3s5-f49v,3
2317,xahu-rkwn,3
2318,xgcb-9jsr,3
2319,xpy2-cyxg,3
2320,xqea-6ihi,3
2321,xy48-7s3d,3
2322,y86q-g4pf,3
2323,yayv-apxh,3
2324,yne3-pqfu,3
2325,ynhu-u9id,3
2326,ysc4-6xvu,3
2327,29bw-z7pj,4
2328,2bh6-qmgg,4
2329,2p64-jbjs,4
2330,38ib-pjw5,4
2331,3mrr-8h5c,4
2332,3tfu-x2qk,4
2333,43qc-8vv8,4
2334,44t3-dj6x,4
2335,49kg-8sce,4
2336,4nft-bihw,4
2337,5c5x-3qz9,4
2338,5fn2-n363,4
2339,5gxs-yzxw,4
2340,5qcq-w32p,4
2341,5uug-f49n,4
2342,6eng-46dm,4
2343,6jad-5sav,4
2344,72db-huua,4
2345,7acq-q3tq,4
2346,7vy4-ats6,4
2347,7yig-nj52,4
2348,89di-hi4s,4
2349,8nac-uner,4
2350,9f25-223x,4
2351,9ned-hmak,4
2352,avir-tzek,4
2353,avsi-2fp7,4
2354,b9uf-7skp,4
2355,b9ze-z4u4,4
2356,cfnc-xfjw,4
2357,cma4-zi8m,4
2358,cs9m-cz6f,4
2359,cvqn-xqrr,4
2360,cxrn-zyvb,4
2361,d68p-5js9,4
2362,d72n-ivax,4
2363,d9fi-geci,4
2364,di8r-g5w9,4
2365,drex-xx56,4
2366,ducj-28wv,4
2367,e4ss-s2zn,4
2368,ebb7-mvp5,4
2369,fxwm-3t4n,4
2370,h3zm-ta5h,4
2371,hb7y-b986,4
2372,hnf2-ds4u,4
2373,hr2s-xdcw,4
2374,hrsu-3w2q,4
2375,ht2g-4cs2,4
2376,i37z-2ty9,4
2377,i3ez-z58g,4
2378,i6as-kc83,4
2379,i99z-ad8n,4
2380,ihup-vdhf,4
2381,ipbu-mtcs,4
2382,izav-3bhy,4
2383,jkiz-wt49,4
2384,jphp-xt7k,4
2385,jvqn-dyef,4
2386,k5ws-xbkn,4
2387,k8hv-56d7,4
2388,khqi-x3p3,4
2389,m9yq-6n44,4
2390,mbym-vp3s,4
2391,mi8r-ff2q,4
2392,n7ta-pz8k,4
2393,nfkx-wd79,4
2394,ngbi-cq85,4
2395,p3r6-jdne,4
2396,p424-amsu,4
2397,p5w7-g72z,4
2398,phth-xf25,4
2399,q9mx-gjyn,4
2400,qfk7-6ens,4
2401,qk7d-gecv,4
2402,qphc-zrtc,4
2403,qrz6-23fw,4
2404,qs5h-jhhg,4
2405,qybk-bjjc,4
2406,r4dz-wduq,4
2407,rear-wh5i,4
2408,rn5p-vhac,4
2409,rq2f-42ua,4
2410,s5q4-7ezf,4
2411,s9xf-ztqu,4
2412,scfi-iv96,4
2413,siju-6isf,4
2414,sqb7-p8nz,4
2415,sv6e-j8t9,4
2416,tbvj-mbps,4
2417,thxi-frp3,4
2418,tn5h-i3e8,4
2419,twu4-tp2g,4
2420,ubv8-6n5w,4
2421,ufu7-zp25,4
2422,ujdf-5byz,4
2423,usap-qc7e,4
2424,uwx4-aafe,4
2425,vfk9-3uwk,4
2426,vh2h-md7a,4
2427,vqix-8bak,4
2428,vve2-26rs,4
2429,w5y2-8cs3,4
2430,wa6b-r9jh,4
2431,wrhz-w8mn,4
2432,wstu-wcnw,4
2433,x2hp-8ukt,4
2434,x2s6-6d2j,4
2435,y8bm-tzs3,4
2436,yhfh-vyns,4
2437,yuzm-c784,4
2438,27b5-th78,5
2439,2bmr-jdsv,5
2440,2ji4-fd5z,5
2441,2p3a-y7d4,5
2442,2qj2-cctx,5
2443,2v9c-2k7f,5
2444,2wuc-x56b,5
2445,2xir-kwzz,5
2446,3cdm-p29e,5
2447,3kx3-7svp,5
2448,3qwy-zqtv,5
2449,3y4p-uusw,5
2450,4ggh-um8t,5
2451,4rz2-mrsh,5
2452,52dp-yji6,5
2453,5c4s-jwtq,5
2454,5sbz-5u89,5
2455,5t4n-d72c,5
2456,5unr-w4sc,5
2457,636b-3b5g,5
2458,64uk-42ks,5
2459,64vf-hxyb,5
2460,66be-66yr,5
2461,6j6t-3ixh,5
2462,6uh5-5j7x,5
2463,6w36-zfn5,5
2464,6wjr-mhgf,5
2465,6wy6-6agj,5
2466,6yag-pnij,5
2467,7ffu-t6bw,5
2468,7u63-ib3x,5
2469,7vsa-caz7,5
2470,7xjx-2mhj,5
2471,7yq2-hq9c,5
2472,7zb8-7bpk,5
2473,7zhs-43jt,5
2474,824w-7c8u,5
2475,867j-5pgi,5
2476,87hk-978a,5
2477,8ess-ssnw,5
2478,8fhd-nzw8,5
2479,8ius-dhrr,5
2480,8r6c-ydwk,5
2481,8ws3-956v,5
2482,8znf-7b2c,5
2483,97pn-acdf,5
2484,9bjg-n96a,5
2485,9jbx-hna8,5
2486,9jf7-zn7b,5
2487,9tn4-3mgm,5
2488,9z9b-6hvk,5
2489,a44d-m6ak,5
2490,a5ub-y4r4,5
2491,a8wp-rerh,5
2492,a9xv-vek9,5
2493,abgy-h8ag,5
2494,ad38-uy5g,5
2495,ajxm-kzmj,5
2496,aqqw-n6ec,5
2497,au6c-jqvf,5
2498,avhb-5jhc,5
2499,ay9k-vznm,5
2500,b59s-jsgk,5
2501,bhwu-wuzu,5
2502,bssx-36gg,5
2503,bug8-9f3g,5
2504,cgwq-3ie6,5
2505,cqc8-am9x,5
2506,cwjy-rrh3,5
2507,cwqt-nvfg,5
2508,d5zb-ragj,5
2509,drh3-e2fd,5
2510,e34y-fjmv,5
2511,e3xf-jwmj,5
2512,ekax-ky3z,5
2513,evu4-6zyr,5
2514,f34v-uffx,5
2515,f888-ni5f,5
2516,fg5j-q5nk,5
2517,fgq8-am2v,5
2518,fu34-wamz,5
2519,fydx-dgvr,5
2520,g63j-swsd,5
2521,g7pj-iz7m,5
2522,g9pi-q9mx,5
2523,h6ku-kycw,5
2524,h7yn-dap5,5
2525,h7zy-iq3d,5
2526,hdnu-nbrh,5
2527,hdz6-s54z,5
2528,hsst-tgws,5
2529,hukm-snmq,5
2530,hyuz-tij8,5
2531,i4kb-6ab6,5
2532,i6bk-bwyv,5
2533,i6ju-7fj4,5
2534,i7a5-bsik,5
2535,icbf-663g,5
2536,ihfw-zy9j,5
2537,in83-58q5,5
2538,it56-eyq4,5
2539,j7ww-5ipv,5
2540,jpkr-jhk8,5
2541,jr24-e7cr,5
2542,jvce-szsb,5
2543,kdu2-865w,5
2544,kkum-y97z,5
2545,kpnf-sajf,5
2546,kwxj-h5ji,5
2547,kx6j-f3vm,5
2548,m4mp-ji5y,5
2549,mifw-tguq,5
2550,mq6n-s45c,5
2551,mrey-ykjt,5
2552,mric-ye48,5
2553,mrxp-4hmg,5
2554,mxwn-eh3b,5
2555,nbbg-wtuz,5
2556,njuk-taxk,5
2557,p26e-k6k9,5
2558,pckb-8r2z,5
2559,ph5g-sr3v,5
2560,pjwi-qd2x,5
2561,py32-wyad,5
2562,q7yn-jhqw,5
2563,qt4e-9a97,5
2564,qtrj-g3nm,5
2565,qz5f-yx82,5
2566,rdjw-z878,5
2567,rjkp-yttg,5
2568,rmsj-k8gu,5
2569,rnjn-x48k,5
2570,rnsn-acs2,5
2571,ru7m-mpyz,5
2572,rxpf-yca2,5
2573,s9d3-x4fz,5
2574,sah3-jw2y,5
2575,shpd-5q9m,5
2576,shus-qn78,5
2577,smdw-73pj,5
2578,swpk-hqdp,5
2579,szwg-xci6,5
2580,t79c-x4dw,5
2581,tbf6-u8ea,5
2582,tbgj-tdd6,5
2583,tcwb-nry3,5
2584,tjus-cn27,5
2585,tsy7-gcm8,5
2586,tu4y-7fre,5
2587,u42g-qjaj,5
2588,ujnu-3rei,5
2589,utpp-yxuj,5
2590,va74-3m6c,5
2591,vacq-ce69,5
2592,vfx9-tbb6,5
2593,vrku-2kif,5
2594,w5he-u64t,5
2595,w8dz-xpjh,5
2596,wcg2-rbkn,5
2597,wjvv-6yxq,5
2598,wymh-dvmd,5
2599,x48i-xnrz,5
2600,x882-mwt5,5
2601,x9uq-u3qs,5
2602,xffd-vsgf,5
2603,xg3x-h3g7,5
2604,xgwd-7vhd,5
2605,xjur-zbxw,5
2606,xqx4-kdvp,5
2607,xuid-t5nk,5
2608,xywu-7bv9,5
2609,ydbx-4ufw,5
2610,ye4r-qpmp,5
2611,yhck-bxbs,5
2612,yiqb-mq9h,5
2613,ypbd-r4kg,5
2614,259a-b6s7,6
2615,25th-nujf,6
2616,2bnn-yakx,6
2617,2xab-argn,6
2618,32cj-z7va,6
2619,3h2n-5cm9,6
2620,3wfy-sn5g,6
2621,4fwc-j3vn,6
2622,4kym-4xw5,6
2623,4quv-6za7,6
2624,4twk-9yq2,6
2625,57p3-pdcj,6
2626,5hwa-9qfj,6
2627,5jsj-cq4s,6
2628,6bgk-3dad,6
2629,6yzk-rwz2,6
2630,76hw-72td,6
2631,799n-b76v,6
2632,7i33-iphh,6
2633,7vgu-qbur,6
2634,7vxz-zmfj,6
2635,7z8d-msnt,6
2636,7ztv-6rwb,6
2637,8vv7-7wx3,6
2638,9ix2-uc5v,6
2639,9jgj-bmct,6
2640,9n9z-hh9p,6
2641,9p4w-7npp,6
2642,9p9k-tusd,6
2643,a2ju-qb9a,6
2644,a5nd-6mit,6
2645,a5td-mswe,6
2646,ac9y-je94,6
2647,ahcp-vck8,6
2648,b4dv-8mq4,6
2649,bkui-39n8,6
2650,bme5-7ty4,6
2651,bqym-t9p9,6
2652,bvug-v3mm,6
2653,c284-tqph,6
2654,cbn4-bn4p,6
2655,cts7-vksw,6
2656,ding-39n6,6
2657,dxru-eun8,6
2658,e3qr-idgg,6
2659,efsz-uj8v,6
2660,ew6u-9hb3,6
2661,f5cd-6fbs,6
2662,faiq-9dfq,6
2663,fw3w-apxs,6
2664,fx7a-24mf,6
2665,gkgs-za6m,6
2666,gqk4-hny9,6
2667,hfa3-euj3,6
2668,hywf-9b6t,6
2669,i85y-pwpn,6
2670,jdn9-td9w,6
2671,jt7v-77mi,6
2672,khkb-h6hx,6
2673,kiv2-tbus,6
2674,kvfd-bves,6
2675,kydh-ijhc,6
2676,muvi-b6kx,6
2677,n23c-ym2g,6
2678,n55z-cx8y,6
2679,nn83-afrt,6
2680,ntcm-2w4k,6
2681,nyis-y4yr,6
2682,p4pf-fyc4,6
2683,p7t3-5i9s,6
2684,pbi9-jd5i,6
2685,pvqr-7yc4,6
2686,pwkr-dpni,6
2687,qjvp-rnsx,6
2688,qm5f-frjb,6
2689,qtrb-nhaa,6
2690,sgxc-mnpk,6
2691,smn3-rzf9,6
2692,spjh-pz7h,6
2693,sv7x-dduq,6
2694,swsf-ed7j,6
2695,tpt8-yikk,6
2696,tqkr-fgym,6
2697,u35m-9t32,6
2698,u6su-4fpt,6
2699,uczf-rk3c,6
2700,ud2m-5tb4,6
2701,uihr-hn7s,6
2702,uqhg-h4at,6
2703,uu62-ifvu,6
2704,uyiw-98i7,6
2705,v959-5k2w,6
2706,vghm-gmwr,6
2707,vpeq-ndkd,6
2708,w76s-c5u4,6
2709,whux-iuiu,6
2710,wpnz-dpup,6
2711,wwhr-5ven,6
2712,x3bb-kg5j,6
2713,x57r-az25,6
2714,xs9p-92b3,6
2715,ya22-5bh7,6
2716,ydj7-rk56,6
2717,yj3u-pw36,6
2718,25aa-q86c,7
2719,28rh-vpvr,7
2720,29ry-u5bf,7
2721,2bsr-c6qq,7
2722,2emc-na4n,7
2723,2gjq-v9z9,7
2724,2mhq-um7h,7
2725,2ujk-6z7u,7
2726,2uk5-v8da,7
2727,2vha-97jm,7
2728,2x8v-d8nh,7
2729,2xh6-psuq,7
2730,2yzn-sicd,7
2731,32y8-s55c,7
2732,39qw-754y,7
2733,3dnj-u3x8,7
2734,3kav-a6u5,7
2735,3nw7-5vkw,7
2736,3nxf-gbay,7
2737,3pge-73vq,7
2738,3pzk-fyqp,7
2739,3ss8-m844,7
2740,3ub5-4ph8,7
2741,436j-ja87,7
2742,48ka-f6z6,7
2743,48pb-zy2g,7
2744,4axi-di9c,7
2745,4fnu-iufz,7
2746,4fvw-nn9c,7
2747,4j6i-9rmr,7
2748,4tqt-y424,7
2749,4y9q-t4wb,7
2750,4ynw-b9aj,7
2751,54k3-2wtq,7
2752,5brf-q9de,7
2753,5fsv-ze7v,7
2754,5ghg-dyn6,7
2755,5hiy-kwc2,7
2756,5jwd-xj5z,7
2757,5qbe-4vqd,7
2758,5qza-frfc,7
2759,5ucz-vwe8,7
2760,5vr7-5fki,7
2761,5zry-xenh,7
2762,6246-94tp,7
2763,64pa-8bza,7
2764,64pu-zyr2,7
2765,6625-xkgg,7
2766,6gre-fvg9,7
2767,6qaj-niew,7
2768,6y3e-jcrc,7
2769,767e-4ijc,7
2770,79z8-9mcf,7
2771,7ggc-ypzi,7
2772,7gvw-m7zn,7
2773,7jpv-q9e2,7
2774,7k5d-rk33,7
2775,7scx-rfrp,7
2776,7uuj-b95m,7
2777,7vk6-9w2d,7
2778,7w73-8bcz,7
2779,833y-fsy8,7
2780,87b8-3t9t,7
2781,8a4n-zmpj,7
2782,8gpu-s594,7
2783,8gqz-6v9v,7
2784,8h9b-rp9u,7
2785,8pnf-vysd,7
2786,8wi4-bsy4,7
2787,8z5h-tzdr,7
2788,985h-mtct,7
2789,9cvd-uyw6,7
2790,9d9t-bmk7,7
2791,9hyh-zkx9,7
2792,9ixa-eggw,7
2793,9q3s-ajq8,7
2794,9vgx-wa3i,7
2795,a6zp-tcs3,7
2796,adax-9mit,7
2797,ajh7-4wqg,7
2798,av3y-hmjv,7
2799,b2gb-nkrq,7
2800,bbg6-wf44,7
2801,bmxf-3rd4,7
2802,bnx9-e6tj,7
2803,bvna-6j7v,7
2804,bzjf-rmtp,7
2805,bzxi-2tsw,7
2806,c3ya-2ywy,7
2807,cgkc-y6tk,7
2808,cuzb-dmcd,7
2809,dbs9-fgqs,7
2810,dsyc-npkh,7
2811,e544-259w,7
2812,e6ph-9uv7,7
2813,e7rh-dmb4,7
2814,eddp-3v5g,7
2815,edx9-hxi8,7
2816,eg59-gdqu,7
2817,eyb2-p5s8,7
2818,eyee-wq88,7
2819,eyk3-bhe9,7
2820,ezaf-3uhs,7
2821,f9a8-4jby,7
2822,fbkk-n4e3,7
2823,ffzt-rdkr,7
2824,fm6n-5jvy,7
2825,fsjc-9fyh,7
2826,fuzi-5ks9,7
2827,g6f6-qpfi,7
2828,g76y-dcqj,7
2829,g9ub-hrve,7
2830,g9wv-7n2m,7
2831,gk83-aa6y,7
2832,gsak-mt7t,7
2833,gt5i-dmde,7
2834,guiy-frxt,7
2835,h4jn-x3ty,7
2836,h5de-ndty,7
2837,he5b-24yw,7
2838,hg3c-2jsy,7
2839,hiik-hmf3,7
2840,hmw8-8is3,7
2841,hnxz-kkn5,7
2842,huq7-iui5,7
2843,iaig-3vs5,7
2844,idfb-y78n,7
2845,iuvu-z276,7
2846,j39j-zq32,7
2847,j8nm-zs7q,7
2848,jat2-irw9,7
2849,jhn3-4vdj,7
2850,jipi-drdu,7
2851,jt9i-9gxr,7
2852,k4xi-fxp5,7
2853,k5xr-vi4c,7
2854,k63t-h76x,7
2855,k9g3-nkxz,7
2856,kcfe-uypz,7
2857,kdpk-qekk,7
2858,kfgh-h6re,7
2859,kh3d-xhq7,7
2860,kjey-zuvr,7
2861,kjpz-79mu,7
2862,kmix-7hhj,7
2863,krwf-eng6,7
2864,kt29-ab5k,7
2865,m64p-r9hk,7
2866,m8nr-4ivu,7
2867,ma5g-2458,7
2868,mfz4-pj9t,7
2869,mib5-bwqy,7
2870,mju7-rqph,7
2871,mpw3-7xyh,7
2872,mv4k-y93f,7
2873,myrx-addi,7
2874,n4tc-j6kh,7
2875,n5xc-7jfa,7
2876,narn-kyx4,7
2877,nekg-b6tw,7
2878,nja7-3m37,7
2879,nmue-7zq2,7
2880,np9k-hd4i,7
2881,npe5-sakb,7
2882,nzjr-3966,7
2883,p2q7-at72,7
2884,p5v2-fwzn,7
2885,p78i-pat6,7
2886,p8e4-uwuv,7
2887,p9cr-nt9j,7
2888,pe54-wf39,7
2889,pgun-i6u7,7
2890,ph9e-sw9u,7
2891,pknx-dgka,7
2892,pnij-y7y6,7
2893,pnpe-ubtz,7
2894,pra5-xxvj,7
2895,pzt3-tne9,7
2896,q5hp-72f8,7
2897,qa4d-xc73,7
2898,qb3k-n8mm,7
2899,qd9w-yz23,7
2900,qgga-62ej,7
2901,qk6i-zcht,7
2902,qrb4-aqtx,7
2903,rbx6-tga4,7
2904,reri-chf8,7
2905,rm4p-5usz,7
2906,rps4-dwwk,7
2907,rqhp-hivt,7
2908,rqjq-29wc,7
2909,ruce-cnp6,7
2910,rukc-mmqu,7
2911,rx8t-6euq,7
2912,rzd6-qsmn,7
2913,sf92-v8wr,7
2914,sfvn-y3wd,7
2915,sv2w-rv3k,7
2916,sydm-hizh,7
2917,szkz-syh6,7
2918,t6n8-68ps,7
2919,tc6u-8rnp,7
2920,tfbb-gszk,7
2921,tfrc-rjtr,7
2922,tph5-57et,7
2923,tvfr-dhen,7
2924,u9au-h79y,7
2925,uchs-jqh4,7
2926,ud4g-9x9z,7
2927,uf8p-ervp,7
2928,uhbp-tz4s,7
2929,usep-8jbt,7
2930,uxsz-6j5j,7
2931,v2kq-qrx6,7
2932,v575-87iz,7
2933,vfdq-dvkf,7
2934,vpdq-ktpr,7
2935,vrs9-g7kz,7
2936,vuae-w6cg,7
2937,vxxs-iyt2,7
2938,w38c-pyzq,7
2939,w6sr-ei44,7
2940,w9ak-ipjd,7
2941,wavz-fkw8,7
2942,wmi7-dkwa,7
2943,wng2-85mv,7
2944,ws4r-n9v4,7
2945,x4ai-kstz,7
2946,xeg4-ic28,7
2947,xkkx-md5q,7
2948,xphq-immx,7
2949,xsmd-g5j6,7
2950,xubg-57si,7
2951,xx2p-4jnq,7
2952,xx92-6788,7
2953,y3ea-en4q,7
2954,y6ds-67d5,7
2955,y7z5-rhh5,7
2956,ybcb-4665,7
2957,ycrg-ses3,7
2958,yggg-xf4b,7
2959,yiet-hu2w,7
2960,yjnr-kh6n,7
2961,ynau-kwze,7
2962,yupw-u2ax,7
2963,22gm-5ceg,8
2964,2v4z-66xt,8
2965,3vjp-ybhy,8
2966,3y5p-x48f,8
2967,46g3-savk,8
2968,4p5v-sqmv,8
2969,5p78-k3zm,8
2970,62dw-nwnq,8
2971,6an6-9htp,8
2972,6cne-um3h,8
2973,6e44-8i2s,8
2974,6pui-xhxz,8
2975,6v28-b75u,8
2976,7299-2etw,8
2977,7479-ugqb,8
2978,78dh-3ptz,8
2979,7equ-j2vi,8
2980,7hgn-sgmk,8
2981,7vpq-4bh4,8
2982,8d5p-rji6,8
2983,8k4x-9mp5,8
2984,8qgy-ka3v,8
2985,8y4t-faws,8
2986,8zyi-kxay,8
2987,99bc-9p23,8
2988,9gzt-8w5q,8
2989,a2w2-wg79,8
2990,a5ez-s27s,8
2991,aa5e-digs,8
2992,amfa-s2y8,8
2993,bgb4-7zjj,8
2994,bmax-4kci,8
2995,bztk-4g6r,8
2996,c2g8-ercv,8
2997,c9ex-t8kt,8
2998,cqds-77ys,8
2999,cu8c-kkz7,8
3000,cyvg-fsk8,8
3001,cznr-hmrv,8
3002,d84z-5kap,8
3003,d9z4-v86m,8
3004,dbdt-5s7j,8
3005,de8q-estm,8
3006,diks-hcwd,8
3007,djze-f4qi,8
3008,dqkt-8x6u,8
3009,dx8z-6nev,8
3010,e266-vpg7,8
3011,ebsy-4b6x,8
3012,f4wx-5ve6,8
3013,f9tw-8p66,8
3014,fn4k-qyk2,8
3015,fpuh-f5mr,8
3016,fpxc-zjtm,8
3017,g5gn-bmye,8
3018,gakf-suji,8
3019,gf2p-d6pi,8
3020,gua4-p9wg,8
3021,h2n3-98hq,8
3022,h4i2-acfi,8
3023,h9sf-7bej,8
3024,hkpx-aaxc,8
3025,i8iw-xf4u,8
3026,iiv7-jaj9,8
3027,imfa-v5pv,8
3028,j7in-ctnu,8
3029,jgqm-ccbd,8
3030,jzt2-2f7h,8
3031,k2bb-k6p8,8
3032,k548-32d3,8
3033,k6b6-sdbz,8
3034,k9j2-dgak,8
3035,kdig-pewd,8
3036,kevu-8hby,8
3037,kf2b-aeh5,8
3038,kjk4-7tzy,8
3039,kubx-z7zd,8
3040,kuxa-tauh,8
3041,kyz5-72x5,8
3042,m64b-i6yz,8
3043,m666-sf2m,8
3044,m8p6-tp4b,8
3045,m8qf-ycd5,8
3046,mfxb-aygx,8
3047,mm69-vrje,8
3048,mq9d-au8i,8
3049,mzds-2cdc,8
3050,mzpm-a6vd,8
3051,nbdj-ya9f,8
3052,nuxu-5fjs,8
3053,p8e8-yh4m,8
3054,pf5b-73bw,8
3055,pffu-gbfi,8
3056,pitm-atqc,8
3057,psmp-cmuu,8
3058,q7rf-ks4h,8
3059,qd3c-zuu7,8
3060,qh62-9utz,8
3061,qj7d-vb9s,8
3062,qmcw-ur37,8
3063,qsh3-jj2w,8
3064,r8nu-ymqj,8
3065,rc75-m7u3,8
3066,rkad-22be,8
3067,s52s-navf,8
3068,sci4-yqgk,8
3069,sxwi-583e,8
3070,szq8-b4uy,8
3071,thqd-deec,8
3072,tqmj-j8zm,8
3073,tv64-9x69,8
3074,uaj7-9szf,8
3075,uh7r-6nya,8
3076,vu7w-gbbe,8
3077,w5ea-ydu3,8
3078,w5ew-m3sm,8
3079,w83z-2kf9,8
3080,w9uz-8epq,8
3081,whjh-s3x7,8
3082,wks3-66bn,8
3083,wnhn-bgpv,8
3084,wpqj-3buw,8
3085,wue3-68ab,8
3086,xc44-2jrh,8
3087,xdkk-pvdv,8
3088,xphm-ebrs,8
3089,y9b6-624z,8
3090,yfnk-k7r4,8
3091,yjxr-fw8i,8
3092,ysjj-vb9j,8
3093,yusd-j4xi,8
3094,24nr-gahi,9
3095,29nk-6u2k,9
3096,2ei9-vg68,9
3097,3qem-6v3v,9
3098,3r2x-bnmj,9
3099,3spy-rjpw,9
3100,478a-yykk,9
3101,4jyz-6b7u,9
3102,4pt5-3vv4,9
3103,4vdj-5ima,9
3104,4zkm-p9aw,9
3105,58k2-kgtb,9
3106,5r5y-pvs3,9
3107,5uei-swth,9
3108,69wu-b929,9
3109,6fi9-q3ta,9
3110,6v4b-5gp4,9
3111,72wx-vdjr,9
3112,7sc8-jtbz,9
3113,82zj-84is,9
3114,8i9k-4gi5,9
3115,8yac-vygm,9
3116,96ay-ea4r,9
3117,9azj-tmjp,9
3118,9ddq-vbjj,9
3119,9fnm-j6if,9
3120,9h97-fe3u,9
3121,a2nx-4u46,9
3122,a4c7-mfuc,9
3123,a94k-kjys,9
3124,acxz-h8b8,9
3125,ae5u-upr6,9
3126,an6v-iuem,9
3127,b4mf-rg6h,9
3128,b55q-34ps,9
3129,bdjm-n7q4,9
3130,bk7g-bhsz,9
3131,bpt7-i8t8,9
3132,cj3v-xdpd,9
3133,cp6j-7bjj,9
3134,cpcf-tcxs,9
3135,ctpn-f4h4,9
3136,d4iy-9uh7,9
3137,d6m8-cwh9,9
3138,d6zx-ckhd,9
3139,d7b6-byut,9
3140,dpm2-m9mq,9
3141,dtmw-avzj,9
3142,dwzs-n5b9,9
3143,edk2-vkjh,9
3144,emrz-5p35,9
3145,evjd-dqpz,9
3146,f4rp-2kvy,9
3147,f4yq-wry5,9
3148,f9uc-f34g,9
3149,feu5-w2e2,9
3150,g5vn-nwqt,9
3151,gpxw-bq7a,9
3152,gshi-yqza,9
3153,hcv3-zacv,9
3154,hein-emv8,9
3155,hn5i-inap,9
3156,hnj4-7uii,9
3157,htur-iwux,9
3158,hv9n-xgy4,9
3159,hyur-qpyf,9
3160,i3a3-qxkf,9
3161,i6b5-j7bu,9
3162,i9rv-hdr5,9
3163,ieyi-rqsn,9
3164,if26-z6xq,9
3165,ii3r-svjz,9
3166,ii5c-g6sq,9
3167,iidj-gxys,9
3168,ircm-rcjd,9
3169,j9we-9a43,9
3170,jye8-w4d7,9
3171,k5ta-2trh,9
3172,kjcq-h8d9,9
3173,kxg8-856s,9
3174,mu46-p9is,9
3175,myn9-hwsy,9
3176,nqwf-w8eh,9
3177,p7kk-jjry,9
3178,paab-n3s5,9
3179,pbk5-6r7z,9
3180,pc34-d3sx,9
3181,pqmq-sk82,9
3182,pv8j-5ywy,9
3183,pwhj-ikym,9
3184,qfn2-4jea,9
3185,qhen-5rve,9
3186,qnjm-wvu5,9
3187,qt6m-xctn,9
3188,r4c5-ndkx,9
3189,rcf4-4vq6,9
3190,rfck-7vkq,9
3191,rn6h-i66u,9
3192,rnnj-5mmi,9
3193,s4kf-3yrf,9
3194,s5zg-yzea,9
3195,sq67-3hcy,9
3196,sxx4-xhzg,9
3197,t4s6-khpm,9
3198,t8hj-ruu2,9
3199,t9nw-j73k,9
3200,tdhn-vze8,9
3201,tdt4-7qzu,9
3202,thbt-gfu9,9
3203,tqsy-2s6w,9
3204,tqtj-sjs8,9
3205,tvhc-4n5n,9
3206,utqd-4534,9
3207,vihk-m25f,9
3208,vimb-anc6,9
3209,wd9h-xwk5,9
3210,wn9v-p3q3,9
3211,xi6j-55dx,9
3212,xip9-pe9k,9
3213,xp25-gxux,9
3214,xu8q-aip5,9
3215,ykru-djh7,9
3216,yusc-bz4f,9
3217,27x4-cbi6,10
3218,28et-rv7b,10
3219,2nwg-uqyg,10
3220,2rh9-5vsi,10
3221,2v2r-tx9r,10
3222,3w3r-v568,10
3223,4e8h-wu86,10
3224,4nxh-niuc,10
3225,4u36-44pe,10
3226,5694-9szk,10
3227,5c9e-33xj,10
3228,5i9t-mvdt,10
3229,5ri2-49bt,10
3230,5tdj-xqd5,10
3231,5zea-fjhf,10
3232,6ucq-fahe,10
3233,6yc2-gsz6,10
3234,7hi3-kaps,10
3235,7isb-wh4c,10
3236,7xqy-uv7r,10
3237,8cwr-7pqn,10
3238,8h5j-fqxa,10
3239,8p6c-94pc,10
3240,8qnp-qwn4,10
3241,8vqd-3345,10
3242,8xub-9477,10
3243,94g4-w6xz,10
3244,cu9u-3r5e,10
3245,e9xc-u3ds,10
3246,eqhe-kbrh,10
3247,evdj-a5z2,10
3248,exsg-kpya,10
3249,f264-qcv3,10
3250,f72e-3i4c,10
3251,fuhv-y2p6,10
3252,fxgv-ba35,10
3253,gzk5-mux8,10
3254,h6af-x63h,10
3255,hz4p-9f7s,10
3256,i8d5-5ciu,10
3257,j2iz-mwzu,10
3258,jmr8-fdbz,10
3259,jvwx-xnsr,10
3260,jz4z-kudi,10
3261,jzdn-258f,10
3262,k26i-s5bd,10
3263,k2wr-xdxp,10
3264,ka27-qx5k,10
3265,ke6f-vhnd,10
3266,kvuc-fg9b,10
3267,kw4v-6nqf,10
3268,m3tj-a2pb,10
3269,mqt5-ctec,10
3270,mtt6-ywt4,10
3271,n2zq-pubd,10
3272,pd5h-92mc,10
3273,pdk7-puui,10
3274,pz9j-6fgq,10
3275,q9kp-jvxv,10
3276,qfxy-c6k3,10
3277,qgc5-ecnb,10
3278,qpsp-bm9z,10
3279,qxzj-vkn2,10
3280,rgy2-tti8,10
3281,rgyu-ii48,10
3282,rr6u-cdtn,10
3283,rup2-u8e8,10
3284,s2d8-h5fg,10
3285,s7k9-vr5b,10
3286,scjx-j6np,10
3287,szbc-ua9b,10
3288,tjt7-rf2i,10
3289,txxa-5nhg,10
3290,u42x-c94z,10
3291,u6fv-5dqe,10
3292,udt3-taj7,10
3293,uqqa-hym2,10
3294,uzf5-g4f3,10
3295,vgmz-py3h,10
3296,viin-czfn,10
3297,vsgi-eeb5,10
3298,vspn-8tzq,10
3299,vwd9-skbw,10
3300,vww9-qguh,10
3301,w7kn-7zx2,10
3302,wffu-4g3a,10
3303,ws4c-4g69,10
3304,wz6d-d3jb,10
3305,xe6a-qapf,10
3306,xig4-mrik,10
3307,xqxn-4jph,10
3308,xwxx-rnki,10
3309,y9si-s7ab,10
3310,ygfr-ij6t,10
3311,yk6f-pa7p,10
3312,yqky-aebb,10
3313,2n64-63dq,11
3314,35sw-rdxj,11
3315,36hn-wea6,11
3316,3cyv-4ghv,11
3317,4cga-5i5v,11
3318,5284-7vfz,11
3319,56u9-ryj4,11
3320,59gn-q4ai,11
3321,5w2t-dbac,11
3322,6ej9-7qyi,11
3323,6rg9-pfbz,11
3324,6teu-xtgp,11
3325,73bd-vkmx,11
3326,7su9-xgtn,11
3327,7tu6-bcih,11
3328,94ri-3ium,11
3329,99br-frp6,11
3330,99rv-74dm,11
3331,9f5k-vxxv,11
3332,a5ru-ygsr,11
3333,a8rp-fpnn,11
3334,af2s-4k4p,11
3335,aizm-q3sx,11
3336,aviq-jvfs,11
3337,b937-zdky,11
3338,c3kh-heyp,11
3339,cvys-e4b6,11
3340,d83i-6us7,11
3341,dhs7-q59e,11
3342,dies-sqgi,11
3343,e4ej-j6hn,11
3344,e4ty-r26d,11
3345,egea-b8r5,11
3346,erra-pzy8,11
3347,esw6-z4id,11
3348,f5mc-f3zp,11
3349,fd95-5ihz,11
3350,fijd-wye8,11
3351,fqcv-e9sg,11
3352,g3iw-w5rt,11
3353,gs56-euca,11
3354,h682-ywyg,11
3355,ia9u-k3t3,11
3356,iwdd-99mu,11
3357,j4t9-dyts,11
3358,jkdk-6p97,11
3359,jup5-7fik,11
3360,k3qa-jvkc,11
3361,khqt-g67n,11
3362,kj4p-ruqc,11
3363,kk22-kcb6,11
3364,mefg-rpis,11
3365,mrxb-9w9v,11
3366,n3et-mfjw,11
3367,n6ej-pebd,11
3368,nnf6-km2a,11
3369,pi5s-9p35,11
3370,pqbh-p6xe,11
3371,pyif-r8qe,11
3372,q5x3-7piv,11
3373,q6p2-9srw,11
3374,qeta-4kqg,11
3375,qiwn-t99b,11
3376,qves-4x9c,11
3377,r528-jcks,11
3378,rma9-fm39,11
3379,rvih-nhyn,11
3380,tap2-dwrw,11
3381,tb8q-a3ar,11
3382,tbmp-nmim,11
3383,tesw-yqqr,11
3384,tg4x-b46p,11
3385,tsb8-3rct,11
3386,ty8z-v9d2,11
3387,ubuy-v2nw,11
3388,ujsc-un6m,11
3389,ur7y-ziyb,11
3390,ut9y-2ptp,11
3391,uvks-tn5n,11
3392,uvpi-gqnh,11
3393,veav-vj3r,11
3394,w2pb-icbu,11
3395,w9cy-nnma,11
3396,weh8-3ujf,11
3397,wfzh-2c94,11
3398,wvxf-dwi5,11
3399,x4sg-2jca,11
3400,xcah-6evp,11
3401,yqkf-i7a4,11
3402,yqz9-aduk,11
3403,yvxd-uipr,11
3404,zmut-au2w,11
